org,stad
横结肠造口还纳术,4261
右肾上腺巨大肿瘤切除术,882
左侧单侧乳房根治性切除术,8275
经皮三叉神经半月节射频热凝术,620
经内镜支撑喉镜下双侧声带小结摘除术,2390
肋骨病损切除术,6924
腰椎间盘髓核切除术,7604
双侧腔镜下交感神经切断术(胸腔镜下),764
经皮髂骨成形术,7161
左侧大隐静脉高位结扎分段剥脱术,3261
右叶甲状腺切除、左叶甲状腺部分切除术,818
左侧半月神经节温控射频热凝术,620
左甲状腺部分切除+右甲状腺腺叶切除术,818
支撑喉镜下喉肿瘤活检术,2452
右侧甲状腺肿物切除术,821
袖套式包皮环切术,5883
左单侧甲状腺切除伴甲状腺峡部切除术,817
腹腔镜下左侧肾盂输尿管成形术,5296
左甲状腺切除术+右甲状腺部分切除术,818
左桡骨内固定拆除术,7210
右肾输尿管切除术,5255
双侧腹股沟斜疝无张力修补术,4979
左眼球结膜缝线+可调节缝线拆除术,9545
左侧三叉神经感觉后根切断术,521
右三叉神经射频热凝术（Ⅲ支）,612
右甲状腺全切、左甲状腺次全切除术,818
YAG激光虹膜切开术（右）,1225
右额叶病损切除术(神经导航+电生理),257
右颈部静脉瘤切除术,3274
眼睑肿物切除术,965
经尿道绿激光前列腺汽化术,5696
膝关节镜下探查术,7542
神经导航下左侧蝶骨嵴脑膜瘤显微切除术。,239
根治性肾切除术(后腹腔镜),5258
输尿管镜下碎石取石术,5326
支撑喉镜下喉乳头状瘤摘除术,2396
脊髓肿瘤切除术,459
双足多趾切除术,8127
尿道冷刀切开,5537
输尿管置管术,5659
脑膜病损切除术,239
奇神经节射频毁损术,612
(其他微创)脑室-腹腔分流术((02.3401)),373
经鼻蝶神经内镜垂体瘤切除术,915
左侧脑膜切开伴硬脑膜下腔血肿清除术,196
低温等离子手术系统辅助双扁桃体切除术、腺样体消融术,2308
子宫下段剖宫产术（二次）,6565
双侧输尿管支架更换术,5676
左侧单侧甲状腺切除术,815
左三叉神经痛微血管减压术,648
右肩关节脱位闭合复位术,7447
鼻中隔成形术,1896
舌系带延长术+成形术,2112
全髋关节置换,7792
右侧腕部正中神经松解术,674
右三叉神经痛微血管减压术,648
胆道镜检查术,4676
DSA下肝动脉栓塞术(化疗栓塞),9755
支撑喉镜下CO2激光左声带肿物切除术,2391
游离皮片移植术,8397
左耳I型鼓室成形术,1723
IABP置入术,3063
腹腔镜子宫肌瘤剥除术,6187
髌骨骨折切开复位聚髌器内固定术,7390
胸部超声引导下经皮房间隔缺损封堵术,2885
左顶钻孔硬膜下血肿外引流术,192
颈动脉内膜切除术,3162
右甲状腺切除+左甲状腺次全切除术,818
左股骨颈骨折空心钉内固定术,7181
肩锁关节脱位切开复位钢板内固定术,7480
胸腔镜下经右胸纵隔囊肿切除术,2741
腹腔镜下肾上腺部分切除术(右侧),889
神经内镜下经鼻脑脊液鼻瘘修补术,326
腹腔镜下右侧输卵管切除术,6045
左眼巩膜外加压术,1327
后腹腔镜右肾上腺腺瘤切除术,884
腹腔镜下单侧腹股沟斜疝无张力修补术,4963
经尿道输尿管碎石术,5326
Duckett' Method尿道成形术,5586
右侧L5神经根封闭术,501
经电视胸腔镜行右肺下叶楔形切除术,2552
左侧甲状腺肿物切除术,821
肋间神经封闭术,748
右胸壁包块切除术,2745
乳房病损切除术,8247
输尿管镜下尿道扩张术,5594
右侧侧脑室穿刺外引流术,140
鼻咽活检术((29.1202)),2340
全椎板切除减压术,432
内镜下三脑室底造瘘术,345
右侧岛叶胶质瘤切除术,254
尿道成形,5586
颅骨缺损钛板修补术,307
胸腔镜右肺上叶占位楔形切除术,2554
左拇指全形再造术,8141
经腹腔路径腹腔镜左肾上腺切除术,886
大脑开颅右额叶占位性病变切除术,257
右侧下位甲状旁腺腺瘤切除术,852
左侧扁桃体肿物切除术,2329
右侧支撑喉镜下声带息肉切除术,2390
非血管介入: 经皮肾造瘘术,5200
右甲状腺腺叶切除+左甲状腺部分切除,818
腓骨内固定装置取出术,7228
舌系带延长术+舌系带成形术,2112
膀胱镜拔双J管,9601
腹腔镜左侧肾上腺切除术。,886
经尿道前列腺电切术经尿道前列腺电切术,5699
原切口入路颅骨修补术,293
左肺上叶舌段切除,2580
支撑喉镜显微镜下右侧声带囊肿切除术,2395
左跟腱缝合修补术,8076
左示指清创再植术,8144
双侧乳房病损微创旋切术(麦默通),8247
支撑喉镜下CO2激光会厌囊肿切除术,2389
下颌骨骨折切开复位内固定,6728
支撑喉镜下声带肿物取病理术,2453
肾上腺肿瘤切除术,882
经尿道输尿管镜下左侧输尿管支架管取出术,9596
右肺下叶部分切除,2581
经尿道离子束刀前列腺切除术,5699
右侧颅骨修补术,293
锁骨骨折内固定取出术,7200
幕上开颅右额叶占位切除术,257
胸腔镜右肺中叶切除术,2583
左额脑膜瘤切除术,239
腹腔镜下膀胱根治性切除术,5480
子宫次全切术,6214
经内镜支撑喉镜下双侧声带息肉切除术,2390
鞍结节脑膜瘤切除术,239
右侧睾丸下降固定术,5810
子宫下段二次剖宫产术,6565
左肺上叶切除切除,2587
经皮椎体成型术,7807
右肾动脉支架成形术,3622
窦旁脑膜瘤切除术,239
支撑喉镜下CO2激光右声带新生物切除术,2391
双侧重睑成形术,1046
B超引导下肾穿刺活组织检查,5228
(右侧)颅内硬膜下冲洗术((01.0903)),192
神经内镜下脑内血肿引流术,214
关节镜检查,7535
胸腔镜下肺减容术,2559
人工全髋置换术,7792
经鼻内镜鼻腔肿瘤切除术,1858
左肾盂成形术,5294
胫骨内固定装置去除,7226
鼻内镜下鼻咽部肿物活检术,2341
开颅右侧去骨瓣减压术,176
右侧甲状腺全切，左侧甲状腺次全切除术,818
后腹腔镜下左侧肾上腺切除术,886
腰后路间盘镜下髓核摘除术,7606
左半尿路切除术,5255
左胫骨平台内固定拆除术,7226
右膝关节表面置换术（邦美公司）,7797
上腹下神经丛毁损术,612
周围神经肿瘤切除术,580
支撑喉镜下声带白斑摘除术,2390
右侧侧脑室钻孔外引流术,209
阴茎延长术,5902
支撑喉镜显微镜下声带肿物切除术,2395
左侧侧脑室占位切除术,251
右侧肾上腺切除术,885
左膝关节肿物切除术,7660
右侧选择性三叉神经感觉根切断术。,521
右下肢大腿中上1/3截肢术,8136
右肾体外冲击波碎石术,9692
VATS右肺中叶楔形切除术,2552
甲状旁腺病损切除术,852
左股骨转子间骨折切复内固定,7385
腘窝囊肿切除,8014
输尿管镜下钳夹取石术（左）,5328
幕上开颅右额叶肿瘤切除术,257
电视胸腔镜下双侧胸交感神经链选择性切断术,764
面骨坚固内固定物取出术,6752
左眼虹膜周边切除术,1231
左侧甲状旁腺腺瘤切除术,852
DSA引导下双侧L3-5脊神经根粘连松解术（手术代码;03.6002),482
双侧主要手术名称经尿道前列腺电切术,5699
腰椎神经根脉冲热凝射频术,612
经尿道输尿管镜激光碎石术,5329
左手示指清创再植术,8144
硬脑膜动静脉瘘介入栓塞术,3515
腹腔镜右肾切除,5258
右额脑膜瘤切除术,239
尿道下裂修复术（duplay）,5578
左侧小脑半球占位切除术,271
经左胸胸腔镜左上肺切除术,2583
经尿道膀胱肿物活检术,5447
左眼角膜缝线拆除术,9544
右踝关节融合术后内固定取出术。,7230
主动脉－冠状动脉旁路移植术,2961
支撑喉镜下右声带息肉、左声带小结切除术,2390
内镜下会厌囊肿切除术,2388
支撑喉镜内镜辅助下声带肿物切除术,2390
胸腔镜下左下肺结节楔形切除术,2554
支撑喉镜下喉血管瘤切除术,2396
尺神经前移术,710
胸骨正中劈开胸腺扩大切除术,939
后腹腔镜下左肾上腺囊肿切除术,884
肾动脉支架成形术（左）,3622
左侧甲状腺癌根治术(甲状腺叶伴峡部切除术),817
右甲状腺叶切除+左侧甲状腺大部腺叶切除术。,818
漏斗胸内固定物取出术,7204
带蒂皮瓣断蒂术,8426
股骨病损切除术,6935
颅骨修补术（钛网）,308
支撑喉镜下、显微镜下、双侧声带肿物切除术,2395
双侧睾丸切除,5802
尿道口新生物切除术,5564
门静脉支架置放术,3609
输尿管镜尿道检查术,5346
右侧甲状腺腺叶切除+峡部切除术,817
左后上纵隔肿物切除术,2739
左锁骨上淋巴结清扫术,3680
右示指清创残端修整术,8163
胫骨髓内针内固定术,7185
双侧腔镜下交感神经切断术,764
经尿道输尿管囊肿切开术,5357
左侧尺神经前置术,710
胸腔镜双侧胸交感神经链切断术,764
经导管房间隔缺损封堵术,2885
双侧下颌角截骨术。,6697
右额叶占位病变切除术,257
颅内压监护探头置入术。,145
膀胱镜下输尿管支架管取出术,9597
脑室心房分流术,366
心脏除颤器植入术,3115
经尿道膀胱肿瘤电切治疗,5453
左额镰旁脑膜瘤切除术,239
支撑喉镜下喉部肿物切除术,2396
支撑喉镜下喉部新生物摘除术,2396
右膝关节松解术,7579
双侧脑室-腹腔分流术,373
右侧小腿截肢术,8133
右腮腺浅叶切除术,2139
右侧甲状腺切除伴甲状腺峡部切除术,817
右甲状腺叶切除术。,815
前交通动脉瘤介入栓塞术,3544
左侧输尿管结石碎石术,5326
关节穿剌术,7834
CT引导下选择性脊神经根注射术,743
支撑喉镜下双侧声带囊肿切除术,2390
腺样体切吸术,2318
右甲状腺腺叶切除术,815
Poppen入路脑膜瘤切除术,239
唇裂整复术,2226
甲状腺左叶腺叶及右叶部分切除术,818
[经皮导管房间隔缺损封堵术],2885
利凡诺羊膜腔注射流产,6593
内镜下结肠息肉切除术,4120
胸腔镜下肺部病损切除术,2554
双股骨远端骨骺固定术,7102
椎体成形术,7807
左膝关节置换术(Smith&Nephew),7797
开颅蝶骨嵴脑膜瘤切除术,239
经尿道左输尿管结石TUL术,5330
"右上臂动静脉造瘘术,为肾透析",3426
右侧甲状腺全切除+左侧甲状腺部分切除术,818
左大腿中下1/3截肢术,8136
左侧肾上腺肿物切除术,882
腰椎间盘造影术,8535
左侧腹腔镜下单侧肾上腺切除术,886
左股骨头减压术,6804
左侧甲状腺腺叶切除术+右侧甲状腺部分切除术,818
[手术名称]经鼻蝶入路神经内镜下垂体瘤切除术,915
左股骨颈骨折人工全髋关节置换术,7792
右乳导管剥离+区段切除+术中冰冻,8247
颅骨凹陷骨折整复术,300
神经导航下右顶叶脑膜瘤显微切除术。,239
(腹腔镜右侧)腹腔镜下输尿管切开取石术((56.2004)),5343
脑室腹腔分流管拔除术,392
右甲状腺腺叶+左甲状腺部分切除术,818
右侧甲状腺全切术+左侧甲状腺次全切术,818
开颅鞍区占位切除术,250
右侧大脑病损切除术,278
支撑喉镜下显微镜下右侧声带肿物切除术,2395
包皮环切,5883
右甲状腺癌根治术（右甲全切+左甲次全切除术）,818
右侧甲状腺全切术,815
右侧支撑喉镜下声带囊肿切除术,2390
选择性左右心导管检查术,3005
[右侧脑室钻孔引流术],209
胸腔镜后纵隔肿瘤切除术,2741
支撑喉镜下声带息肉切除,2390
3D腹腔镜下萎缩性胆囊切除术,4698
电视喉镜下喉新生物活检术,2452
腹腔镜辅助右半结肠癌根治术,1610
锁骨内固定取出术((78.6101)),7200
单操作孔胸腔镜下肺楔形切除术,2552
左侧胸壁占位切除术,2745
CT引导下肝囊肿穿刺引流,4650
膀胱镜下拔双J管,9601
胸腔镜下交感神经切断术(双侧胸交感神经),764
左侧翼点入路脑内血肿清除术,218
显微支撑喉镜下右侧声带息肉切除术,2395
经鼻入路垂体瘤切除术,915
左侧半月神经节脉冲射频术,612
股骨内固定物取出术,7220
腰椎骨折球囊后凸成型术,7809
低温等离子刀辅助下腺样体切除术,2319
膝关节置换,7797
支撑喉镜下二氧化碳激光左侧声带新生物切除术,2391
胸交感神经切除术(胸腔镜下),764
腹腔镜下十二指肠溃疡穿孔修补术,3979
输尿管镜下置D-J管术（左）,5662
L3椎体成形术,7807
乙状窦后入路右侧听神经瘤切除术,518
左侧甲状腺叶全切除术,815
喉镜下喉新生物活检术,2452
右股骨肿瘤穿刺活检术,6894
右尺骨鹰嘴骨折内固定拆除术,7212
胸腔镜左前上纵隔肿瘤切除术,2741
翼状胬肉切除术+结膜移植术,1169
胸腔镜肺楔形切除术,2552
腹主动脉覆膜支架植入腔内隔绝术,3539
支撑喉镜下喉部肿物活检术,2452
(其他微创)腰椎体成形术（修补术）((03.5304)),7807
胸主动脉透壁性溃疡腔内修复术,3558
左侧颞叶占位切除术,261
胃ESD,3890
经T管胆道镜检查,4846
趾骨内固定物取出术,7242
大脑开颅左侧额叶肿瘤切除术,257
腰1椎体压缩骨折PKP术,7808
右甲状腺腺叶峡部切除术,817
T12椎体后凸成形术,7808
皮肤病理活检术,8347
尿道口病损切除术,5564
隐匿性阴茎延长术,5902
左前臂动静脉瘘修补术,3514
(胸腔镜右侧)纵隔肿瘤切除术((34.3003)),2741
(输尿管（或尿道）镜左侧)输尿管镜下钬激光碎石术((56.0006)),5329
胸骨后甲状腺病损切除术,839
右手多指截指术,8105
去颅骨骨瓣减压术,176
右肾铸型结石PCNL术,5207
左额叶肿瘤切除术,257
胸腔镜下右肺下叶楔行切除术,2552
右单鼻孔经碟入路垂体瘤切除术,915
后腹腔镜下左肾上腺大部分切除术,888
尺神经移位术,710
上腔静脉支架植入术,3611
(腹腔镜右侧)经脐单孔腹腔镜右肾囊肿去顶术,5194
大脑开颅右侧额叶占位切除术,257
肾盂成形术左侧,5294
腰后外侧椎间孔入路内镜下间盘摘除术,7605
右侧腮腺病损切除术,2129
右大隐静脉高位结扎分段剥脱术,3261
硬脑膜下血肿钻孔引流术,200
甲状腺左叶切除，右叶次全切除术,818
左胫骨外固定架取出术,7227
右侧颈动脉体瘤切除术。,3604
大脑开颅蛛网膜囊肿切除术,238
右肾经皮肾镜碎石术,5207
右中指伸肌腱吻合术,7904
右距下关节植骨融合术。,7714
右心导管术,3003
支撑喉镜下左声带新生物切除术,2390
右腕管切开、正中神经松解术。,674
左足多趾切除术,8127
血栓性外痔切除术,4533
CT引导下半月神经节温控射频脉冲热凝术,620
腹壁子宫内膜异位病灶切除术,5094
左胫骨髓内钉取出术,7226
分娩流产后电吸刮宫术,6316
VATS左上肺舌段切除术,2577
右侧颞叶病损切除术,261
乳腺肿物冰冻+根治术,8247
腹腔镜下左侧肾上腺部分切除术,889
双侧副乳切除整复术,8252
(左侧)肾根治切除术((55.5103)),5256
趾离断术,8125
椎间孔镜下神经根松解术,646
经皮穿刺腰1椎体成形术,7807
左侧肾盂成型术,5294
(胸腔镜左侧下部)肺楔形切除术,2552
右下肢骨软骨瘤切除术,6920
立体定向下双侧脑深部电极植入刺激术,401
内镜支撑喉镜下声带囊肿切除术,2390
左侧甲状腺全部切除术,815
DSA引导下右侧L5-S1脊髓和神经根粘连松解术,480
后正中入路小脑蚓部肿瘤切除术,272
支撑喉镜显微镜下声带囊肿切除术,2395
VATS前纵隔肿瘤切除术,2741
腰2椎体压缩性骨折术后骨性愈合内固定物取出术,7244
经支撑喉镜声带良性肿物切除术,2390
(右侧)甲状腺腺叶切除术,815
全麻显微支撑喉镜下右侧声带新生物切除术,2395
左膝关节血管瘤切除术,7660
左正中神经松解术。,674
神经导航下行左侧颞叶胶质瘤显微切除术。,261
皮瓣修整术,8447
右膝关节粘连松解术,7579
开颅脑干肿瘤切除术,268
右顶叶占位显微切除术,256
介入下胸主动脉血管腔内隔绝术,3558
微创经皮椎体成形术,7807
经闭孔无张力尿道中段悬吊术（TVT-O）,5656
支撑喉镜下喉部新生物切除术,2396
左肩关节镜检查术,7536
右胫骨髓内针取出术,7226
胸腔镜下双侧交感神经切断术,764
喉镜下喉病损切除术((30.0907)),2396
右眼人工晶体植入术,1394
胸腔镜下双侧第4胸交感神经干并2、3、4侧支切断术,764
全麻下行室间隔缺损介入封堵术,2891
主动脉-冠状动脉旁路移植术,2961
人工股骨头置换术DAA,7794
腹腔镜下输尿管成形术,5407
大隐静脉高位结扎及部分静脉剔除术(单侧)右侧,3261
下颌骨骨折术后钛板取除术,6753
支撑喉镜下二氧化碳激光右侧声带新生物切除术,2391
肋骨骨折内固定取出术,7202
微创经椎间孔下腰4/5椎间盘摘除术。,7602
经皮穿刺球囊扩张椎体成形术,7809
(胸腔镜右侧下部)肺叶切除术,2583
右侧甲状腺全切+左侧甲状腺部分切除术,818
右环指断指再植术,8144
左输尿管镜检查术,5346
颅骨钛板植入术,307
胸椎后路椎板切除减压术,432
腰椎髓核摘除术,7604
颅骨钻孔脑室外引流术,209
腺样体消融术,2318
腹腔镜下右侧肾上腺嗜铬细胞瘤切除术,884
支撑喉镜下下声带息肉摘除术,2390
骶骨肿物穿刺活检术,6906
经尿道钬激光膀胱结石碎石术,5425
右跟腱松解延长术,8069
右肺大泡切除术,2572
椎管内占位切除术,456
左甲状腺全切除、右甲状腺部分切除术,818
髋关节脱位切开复位术,7470
脊柱侧弯术后内固定取出术,7244
左眼外直肌一条眼外肌后徙术,1504
支撑喉镜显微镜下声带小结切除术,2395
左侧多囊肾去顶减压术,5193
肾盂切开取石术,5213
左股骨干骨折切开复位，钢板螺钉内固定,7385
支撑喉镜下喉囊肿切除术,2396
经尿道前列腺电凝止血术,5734
小肠造口闭合术,4254
鼻内镜下双侧全组鼻窦开放术。,1963
右手拇指多指切除整复术,8105
显微喉镜下双侧声带病损切除术,2395
左侧甲状腺腺叶切除+峡部切除术,817
左侧后腹腔镜下肾上腺肿瘤切除术,884
双膝关节人工表面假体置换术,7797
支撑喉镜下左声带病损切除术,2390
右股骨髁上骨牵引术,9187
前纵隔肿瘤切除术,2739
腱鞘炎松解术,7968
胸腔镜下双侧胸交感神经切除术,764
双扁桃体剥离术,2300
尿道修补术,5586
食管球囊扩张术,3865
内镜辅助下右侧甲状腺腺叶切除术,815
腹主动脉瘤切除，Y型人工血管移植术,3221
膝前十字韧带重建术,7779
冠状动脉旁路移植术（op-CABG*4）,2948
尿道切开取石术,5538
"经皮肾镜取石术,I期",5204
尿道阴道瘘修补术,5570
L1压缩骨折PKP术,7808
后腹腔镜下右侧肾上腺肿瘤切除术。,884
左侧输尿管支架置入术,5659
胸腔镜第三胸交感经干并第二三交感神经旁路纤维切断术,764
肾切除术（右）,5256
显微镜下面神经减压术,653
左桡骨内固定取出术,7210
L1骨折椎体后凸成形术,7808
胸腔镜下右肺上叶尖后段切除术,2577
胸壁肿瘤扩大切除术,2745
非血管介入: 输尿管造瘘管更换术,5670
诊断性刮宫(分段),6264
腹主动脉覆膜支架植入术,3539
右肾造瘘管更换术,5311
直达喉镜下声带息肉摘除术,2390
腹腔镜左精索静脉高位结扎,5834
上腔静脉滤器植入术,3303
(输尿管（或尿道）镜右侧)输尿管镜下取石术+输尿管镜下钬激光碎石术,5332
右侧阴部神经注射术,743
股动脉内膜剥脱术,3176
(右侧)腮腺肿瘤（肿块）切除术((26.2910)),2129
胸腔闭式引流术（右侧）,2704
左跟距关节融合术,7720
甲状腺囊肿切除术,821
大脑开颅右侧额叶胶质瘤切除术,257
右大腿离断术,8136
左侧小脑半球占位性病变切除术,271
右侧甲状腺肿瘤切除术,821
左髋关节切开复位＋左髋salter骨盆截骨术,7470
左侧三叉神经半月神经节射频毁损术。,620
腰骶神经炎电流导管射频消融术,612
鼻内镜下鼻骨骨折整复术,1885
右颞叶脑膜瘤切除术,239
大隐静脉(高位结扎+)剥脱术,3261
DSA引导下左侧C2-3脊神经根后支切断术,438
脑室穿刺外引流术,140
胸腔镜下胸膜活组织检查,2723
左膝关节镜探查术,7542
子宫下段剖宫产术子宫下段剖宫产术,6565
左侧经皮肾镜气压弹道碎石术,5206
双足内固定取出术,7196
右下位甲状旁腺腺瘤切除术,852
左侧额颞部开颅颅内血肿清除术,171
右乙状窦后入路面神经微血管减压术,654
经尿道输尿管镜检查术（左）,5346
双侧喉良性肿物切除术,2387
右下甲状旁腺瘤切除术,852
左人工股骨头置换,7794
右枕骨骨瘤切除术,290
髌骨骨折切复聚髌器内固定,7390
神经内镜辅助下经鼻蝶鞍区占位切除术,250
右耳鼓室成形术1型,1723
腹腔镜下肾上腺切除术（右）,886
左眼虹膜激光切除术,1230
经顶脑病损切除术,262
左胫骨取内固定术,7226
左髋关节松解术,7576
全面部骨折切开复位坚强内固定术,6736
上腔静脉支架置放术,3611
肾上腺病损切除术,882
后颅窝硬膜外血肿清除术,164
尿道下裂修补术,5578
右耳后扩张器植入术,8484
右额颞去骨瓣减压术,176
右髋臼周围截骨术后取内固定术,7238
宫腔镜检查+分段诊刮,6265
巨大颅骨缺损修补术,293
心包穿刺置管术,2987
巨脾切除术,3747
左尺骨鹰嘴骨折ORIF,7378
右眼睫状体光凝术,1299
甲状腺左叶次全、右叶全切除术,818
经右股静脉行下腔静脉可回收滤器置入术,3303
右侧三叉神经感觉后根切断术,521
腹腔镜双侧疝囊高位结扎术,4972
(其他微创)皮下埋藏式静脉输液港置入术(PORT泵置入术),8341
腹腔镜肾上腺切除术（右）,886
左膝腘窝囊肿切除术,8014
经尿道膀胱肿物电切取病理术,5447
小脑蚓部髓母细胞瘤切除术,272
右侧三叉神经半月神经节球囊压迫术,612
左锁骨下动脉造影,8717
左侧额叶脑膜瘤切除术,239
腺样体切除术,2318
左侧桡骨骨折切开复位钢板内固定术（大博）,7377
周围神经麻醉止痛,745
左肾上腺巨大占位切除术,882
左侧胸腔镜下纵隔肿瘤切除术,2741
右侧经皮室间隔缺损封堵术,2891
前臂动静脉瘘成型术,3426
右甲状腺腺叶+峡部切除术,817
主动脉窦修补术[Valsalva手术],2875
腔镜下右侧甲状腺部分切除术,831
右侧乙状窦后入路听神经鞘瘤切除术,518
膝关节镜检术,7542
(胸腔镜)胸腔镜下纵隔肿瘤切除术,2741
桡骨小头切除术,6981
皮肤和皮下组织活组织检查,8347
大脑开颅、左额叶肿瘤切除术,257
左足多趾切除整形术,8127
左甲状腺全切＋右甲状腺次全切除术,818
骨盆病损切除术,6945
右侧人工耳蜗植入术（CI512）,1812
双侧交感神经链切断术,763
电视喉镜下喉新生物摘除术,2396
皮瓣转移术,8424
单鼻孔入路垂体腺瘤切除术,915
喉镜下右声带病损切除术,2390
右侧脑室额角穿刺外引流术,140
支撑喉镜下右侧声带肿物切除术,2390
(其他微创)导航下经皮穿刺椎体成形术(03.5305),7807
经蝶入路脑脊液鼻漏修补术,322
第三脑室底造瘘术,346
右侧额颞开颅后交通动脉瘤夹闭术,3505
右锁骨骨折术后内固定拆除术,7200
胸骨钢丝拔除术,7204
左人工股骨头置换术,7794
开放性颅脑损伤清创缝合术,273
胸腔镜下经右胸纵膈肿瘤切除术,2741
右中下肺叶切除术,2587
脊柱后路生长棒置入术,8221
心脏永久性起搏器植入术,3091
尺骨切开复位内固定,7378
床旁锥颅右侧脑室外钻孔引流术,209
双侧股骨钢板取出术,7220
右腮腺全切除术,2144
右眼外路小梁切除术,1274
胸腔镜下左肺上叶局部切除术,2578
左甲状腺腺叶切除,815
经膀胱镜输尿管支架管取出术,9597
右颞叶胶质瘤切除术,261
颈部正中肿物切除术,8016
腰椎椎体间融合术，后入路,7708
左侧甲状旁腺囊肿切除术,852
右侧大脑中动脉分叉部动脉瘤支架辅助介入栓塞术,3546
右锁骨骨折切开复位内固定术（欣荣）,7399
颅骨缺损三维钛网修补术,308
左侧听神经瘤显微切除术,517
经皮穿刺肺活检术,2627
支撑喉镜下喉肿物取活检术,2452
右乳肿瘤切除,8247
腰椎间盘切除伴椎板切开术,7603
暂时性气管切开术（颈前经皮微创）,2437
顶部脑膜膨出修补术,320
宫颈电热圈环切术,6118
正中开胸胸腺扩大切除术,939
支撑喉镜下喉病损切除术,2396
左颞顶开颅脑膜瘤切除术,239
骨盆活检术,6903
双侧大隐静脉高位结扎及剥脱术,3261
神经内镜下三脑室底造瘘术,345
尿道下裂术后尿瘘修补术,5569
右手第5掌骨骨折术后内固定物取出术,7217
子宫下段横行剖宫产,6566
右侧脑室Ommaya囊置入外引流术,347
显微喉镜下双侧声带息肉切除术,2395
胫骨活检术,6897
右侧侧脑室-心房分流术,366
腹腔镜下右输尿管切开取石术,5343
双侧脑室钻孔引流术,209
颅骨骨瓣修补术,301
右侧甲状腺腺叶切除术+左侧甲状腺次全切除术,818
IVUS+,32
右甲状腺腺叶切除+峡部切除术,817
幕上开颅鞍区占位切除术,250
经蝶鞍区病变切除术,250
右侧腹股沟疝修补术,4949
左股骨头坏死钻孔减压术,6804
带蒂皮瓣移植术,8424
双侧腕管切开正中神经松解术,674
左下颌骨肿物切取活检术,6657
大脑开颅左颞叶蛛网膜囊肿切除术,238
尺骨内固定物取出术,7212
胸腔镜下左下肺结节楔形切除术。,2554
大脑开颅左额叶占位性病变切除术,257
左肺上叶肺部分切除术,2581
前列腺癌根治性切除,5707
左侧舌咽神经微血管减压术,659
三叉神经半月节热射频治疗,620
胸腔镜下左下肺切除术,2583
舌下腺切除术,2145
皮肤和皮下组织切开引流术,8320
颅骨钛网置入术,308
支撑喉镜下、显微镜下、声带肿物切除术,2395
(胸腔镜右侧下部)肺楔形切除术((32.2905)),2552
双侧乳房病损微创旋切术,8247
神经内镜下三脑室底造瘘术。,345
开颅顶叶肿瘤切除术,256
经胸骨正中切口胸腺瘤切除术,937
经皮肺动脉瓣球囊成形术,2940
关节镜下左膝ACL重建,7782
右下胫腓联合螺钉取出术,7225
左侧胸骨后甲状腺肿切除术,839
暂时性气管切开术,2437
左侧甲状腺切除术+峡部切除术,817
了左侧额颞顶部颅骨钻孔引流术,172
经蝶窦脑病损切除术,260
了腹腔镜胆囊切除术,4698
胸腔镜下左肺大疱切除术,2553
关节穿刺术,7834
大脑开颅脑膜瘤切除术,239
降主动脉夹层人工血管内支架术,3559
腰交感神经切除术,773
IABP植入术,3063
腰椎后路经皮穿刺椎体后凸成形术,7808
左桡骨远端骨折切开复位内固定术（大博公司）,7377
双跟腱经皮切断术,7984
右侧右侧甲状腺叶伴峡部切除术,817
支撑喉镜下CO2激光左侧声带囊肿切除术,2391
左侧甲状腺切除术+右侧甲状腺次全切除术,818
介入下胸主动脉血管腔内修复术,3558
大脑前交通动脉瘤神经血管介入栓塞术,3544
腱鞘切开减压术,7968
支撑喉镜CO2激光声带肿物切除术,2391
VATS左肺大疱切除术,2553
右肩胛骨肿瘤切除术,6922
右额占位显微切除术,257
右甲状腺切除术+左甲状腺部分切除术,818
腹主动脉瘤支架植入术,3538
右膝全膝置换术,7797
左侧听神经鞘瘤切除术,517
腰椎棘突间钢板植入术,7194
右侧下颌骨囊肿开窗术,6653
神经松解术,646
右侧三叉神经后根切断术（射频）,521
右锁骨下深静脉插管术,3350
左心、右心导管及先天性心脏病封堵术,3005
神经导航及立体定向下脑深部电极植入术,401
经电子鼻咽喉镜行喉新生物活检术,2452
右侧跟腱延长术,8069
选择性右肾动脉栓塞术,3578
右翼点入路右侧后交通动脉瘤夹闭术,3505
右眼翼状胬肉切除+结膜瓣转位术,1169
等离子射频腺样体消融术,2319
腰椎骨折切开复位内固定,472
导航下左额脑膜瘤切除术,239
左面神经减压术,653
经鼻内镜脑脊液漏修补术,326
DSA食管球囊扩张术,3865
经尿道膀胱肿瘤电气化术,5453
脊柱内固定拆除术,7244
单孔胸腔镜下右肺上叶尖后段切除术,2577
经支撑喉镜下声带息肉切除术,2390
经皮胸腔闭式引流术,2704
胸腺囊肿切除术,937
右膝关节穿刺术,7834
双侧正中神经松解术,674
右正中神经松解术。,674
右额叶复发胶质瘤切除术,257
腭咽成型术,2261
腔镜下左甲状腺切除术,815
双侧大隐静脉高位结扎分段剥脱术,3261
经皮睾丸活组织检查(双侧睾丸穿刺活检术),5789
右额钻孔慢性硬膜下血肿外引流术,192
神经导航内镜下经鼻蝶鞍区病变切除术。,250
输尿管镜下拔左侧DJ管术,9596
右上肢内固定取出术,7196
胸腔镜前纵隔肿瘤切除术,2741
尿道下裂I期矫形术。,5578
腹腔镜左侧肾上腺嗜铬细胞瘤切除术（腹膜后入路）,884
下颌骨病损切除术,6662
神经导航下侧脑室腹腔分流术,373
CT引导的肝肿瘤射频消融术,4606
胸椎体成形术（修补术）,7807
左侧甲状腺腺叶+右侧甲状腺近全切除术,818
输尿管镜下导尿管置入术,5529
左侧尺神经前移术,710
脑脊液漏介入修补术,321
左髌骨内固定取出术,7223
(其他微创双侧)显微镜下精索静脉结扎术,5832
切开取内固定术,7196
右侧丘脑胶质瘤切除术,226
双膝人工关节表面置换术 （Biomet 假体）,7797
右乙状窦后入路听神经瘤切除术,518
右下肢膝关节离断术,8134
皮肤和皮下坏死组织切除清创术,8354
后路单开门椎管减压术,429
右侧腕管综合征正中神经松解术,674
全部膝关节置换左膝关节置换术,7797
腰椎间盘造影术（L4/5）,8535
大脑开颅去骨瓣减压术,176
左髋脱位术后内固定取出术,7238
胫骨骨折闭合复位术,7312
颅骨钻孔引流术,172
胸腔镜下漏斗胸微创矫治术,2771
B 超引导下经皮肾穿刺活检术,5228
左膝关节切开松解术,7579
椎体成形术(L1),7807
小儿甲状舌管囊肿切除术,845
右下颌骨囊肿开窗减压术,6653
(右侧)颅内硬膜下冲洗术(01.0903),192
胸腔镜下右下肺占位楔形切除术,2554
腹腔镜检查术,5075
右侧支撑喉镜下声带肿物切除术,2390
狭窄性腱鞘炎切开术,7968
右侧锁骨下动脉支架成形术,3614
左侧跟腱修复术,8076
鼻肠管置入术,9414
去骨瓣减压术,176
尿道肉阜电切术,5559
直肠黏膜环切术（PPH）,4536
下颌骨内固定物取出术,6753
双腕管切开减压术,664
肺动静脉瘘栓塞术,3515
经支撑喉镜会厌囊肿激光切除术,2389
扁桃体剥离术,2300
右肩胛骨肿瘤穿刺活检术,6883
心包穿刺及置管术。,2987
经皮肾镜碎石术（右）,5207
胸腔镜辅助前纵隔肿瘤切除术,2741
左上肢桡动脉-头静脉端侧动静脉内瘘成形术,3426
腰后路切开复位内固定术,472
原位肝移植术,4639
右股骨颈骨折闭合复位内固定术（理贝尔）,7334
左甲状腺全切+峡部切除术,817
左侧面神经微血管减压术,654
右额钻孔立体定向穿刺活检术,144
肛乳头切除术,4521
右甲状腺叶切除术,815
左额复发脑膜瘤切除术,239
左侧甲状腺病损切除术,821
椎板间入路椎间孔镜辅助下左侧L5S1椎间盘髓核摘除术,7606
左下肢吸脂术,8459
右甲状腺腺叶切除,815
左乙状窦后入路面神经微血管减压术,654
显微支撑喉镜下左侧声带息肉切除术,2395
大隐静脉高位结扎+分段剥脱术（左）,3261
脑室分流管探查术(腹腔端),386
输尿管支架管拔除术,9593
经尿道膀胱肿瘤电切术,5453
输尿管镜下双侧D-J管更换术,5676
左膝滑膜切除术,7634
周围神经旁注药术,743
VATS双侧交感神经干切断术,764
膀胱镜下膀胱病损切除术,5453
永久性人工心脏起搏器更换术,3091
右耳乳突根治术,1764
支撑喉镜下C02激光声带肿物切除术,2391
右侧三叉神经射频消融术,619
皮肤肿物切除,8370
胸腰椎内固定物取出术,7244
腰椎间盘切除术,7602
泪囊-鼻腔吻合术[DCR手术],1100
腱鞘囊肿切除术,8009
脾切除,3747
经右胸纵隔肿瘤切除术,2739
神经内窥镜辅助下经鼻蝶窦垂体腺瘤切除术,915
左上肢头静脉—桡动脉端侧吻合内瘘成形术,3426
双侧睾丸切除术,5801
电视喉镜下喉肿物摘除术,2396
单列神经刺激脉冲发生器置入术(左迷走神经刺激术),755
右眼小梁切除术,1274
膝关节腔内注射治疗,7837
双侧下颌骨升支矢状劈开截骨术,6697
支撑喉镜下声带病损切除术（双）,2390
右侧精索鞘膜积液切除术,5833
VATS左上肺楔形切除,2552
全髋关节置换术((81.5101))（施乐辉）,7792
支撑喉镜下会厌囊肿CO2激光切除术,2389
双膝内侧间室置换术,7798
人工肩关节置换术,7818
右胫骨交锁髓内钉内固定术,7185
支撑喉镜下右声带息肉显微切除术,2395
后颅窝开颅左侧小脑脑膜瘤切除术,239
锁骨内固定取出术,7200
双膝内固定取出术,7196
甲状腺肿物切除术,821
神经内镜下鞍区肿物切除术,250
胫骨切开复位内固定,7387
左侧陶瓷-陶瓷髋关节置换,7792
全脊柱内镜下后入路腰椎间盘切除术,7605
右肾上腺嗜铬细胞瘤切除术,882
颅骨钻孔减压术,177
左膝外侧半月板次全切除术,7616
骶神调节神经刺激电极拔除术,759
椎间孔镜下腰4.5椎间盘摘除术,7605
第四脑室病损切除术,255
经尿道前列腺切除术[TURP手术],5699
包皮环切术((64.0001)),5883
冠状动脉移植术,2948
支撑喉镜下喉肿物切除术。,2396
左股骨粗隆间骨折人工股骨头置换术,7794
输尿管-膀胱吻合术,5384
左肾PCNL术,5207
腰椎神经根阻滞术,501
支撑喉镜下显微镜下左侧声带肿物切除术,2395
右枕下乙状窦后入路听神经瘤切除术,518
神经根阻滞,744
CT引导经皮肾造瘘术,5200
胸腔镜辅助右肺上叶楔形切除术,2552
尿道镜下尿道狭窄电切术,5556
经腹LS左肾输尿管全长切除术,5259
支撑喉镜下CO2激光双侧声带肿物切除术,2391
立体定向微创侧脑室穿刺置管引流术,140
左侧慢性硬膜下血肿颅骨钻孔冲洗引流术,172
右侧胸腔置管引流术,2704
腹腔镜下全子宫切除术,6222
大脑开颅右侧额叶肿瘤切除术,257
显微镜下经蝶入路鞍区肿物切除术,250
了腹腔镜胆囊切除术（术中使用超声刀）,4698
经鼻蝶窦垂体瘤显微切除术,915
胸腔镜下双侧第三胸交感神经干切断术,764
舌系带延长术,2112
左额部占位切除术,257
L1椎体压缩性骨折PVP,7807
左侧肾盂输尿管成形术,5295
左拇指截指术,8111
悬吊式腹腔镜下子宫肌瘤剔除术,6187
侧脑室腹腔分流术,373
显微喉镜下声带病损切除术,2395
经皮腹腔穿刺术,5161
(其他微创)CT导航下胸椎经椎弓根穿刺活检术,6906
膀胱镜下钬激光碎石术,5425
右甲状腺切除+左甲状腺部分切除术,818
大脑半球深部肿瘤切除术,278
导航下经皮穿刺椎体成形术,7807
左侧腕部正中神经松解术,674
胸腔镜双侧胸交感神经切断术,764
下肢动脉支架植入术,3606
T12椎体成形术 (Vertebodyplasty of T12 vertebral body),7807
右上位甲状旁腺腺瘤切除术,852
右侧听神经病变切除术,517
腹腔镜下左肾盂成形,5297
TVT,5645
左侧甲状腺全切除术+右侧甲状腺全切除术,833
经输尿管肾结石激光碎石术,5329
全膝置换术,7797
显微支撑喉镜声带息肉摘除术。,2395
支撑喉镜下左侧声带肿物摘除术,2390
左锁骨骨折术后内固定物取出术,7200
全胃切除术,3922
右三叉神经射频术,619
脾动脉部分栓塞术。,3581
经支撑喉镜行左侧声带息肉切除术,2390
左侧面神经次全程减压术,653
电视喉镜下声带小结摘除术,2390
左肾切除术,5256
包皮环切术（传统）,5883
经鼻蝶窦脑脊液漏修补术,321
左眼上睑阔筋膜悬吊术,981
腹腔镜下根治性右半泌尿系切除术,5259
Onlay尿道成形术,5586
T12椎体内固定拆除术,7244
左甲状腺腺叶切除术，右甲状腺部分切除术,818
双侧股骨头坏死髓芯减压术,6804
尿道重建术,5586
后腹腔镜左侧肾上腺切除术。,886
骨盆外固定架取出术,7239
腹腔镜辅助下右肾切除术,5258
后腹腔镜右肾盂成型术,5297
经皮三叉神经半月神经节射频热凝术,620
头皮再植术,8391
胸腔镜辅助右肺上叶切除,2583
左甲状腺腺叶＋峡部切除,817
右跟腱松解术,7990
经输尿管镜左侧双J管取出术,9596
腰椎后凸成形术,7808
左颞入路肿瘤切除术,249
右肾上腺病损切除术,882
唇裂术后畸形整复术,2238
左侧甲状腺及峡部切除术,817
经皮肾镜左肾结石碎石术,5207
肱骨骨折切开复位术,7350
双乳区段切除,8247
鞍区肿瘤切除术,250
左眼眼眶病损切除术,1590
左股骨双动头置换术,7794
腭裂整复术,2253
右侧主要手术名称冠状动脉支架置入术,2948
经腹子宫肌瘤切除术,6187
右膝关节双间室置换术(旋转平台),7798
左输尿管狭窄球囊扩张术,5660
双侧支撑喉镜下声带病损切除术显微镜下,2395
背部肌肉病损切除术,8010
硬脑膜下钻孔引流术,200
左膝关节血肿清除术,7526
侧脑室腹腔分流术（右V-P分流术）,373
右胫骨术后内固定取出术,7226
右侧冠状动脉支架置入术,2948
左桡骨远端骨折术后取内固定术,7210
髂骨穿刺活检术,6903
(腹腔镜左侧)腹腔镜下肾上腺部分切除术,889
鼻内镜下左侧脑脊液鼻漏修补术,326
左胸壁鳃裂囊肿切除术,2745
左侧额颞顶慢性硬膜下血肿钻孔引流术,200
大隐静脉高位结扎+大隐静脉点式剥脱术((38.5902.01+38.5903.01)),3261
左声带息肉摘除术,2386
VATS右肺大疱切除术,2553
左额开颅脑膜瘤切除术,237
后腹腔镜下左侧肾上腺腺瘤切除术,884
下腔静脉支架术,3616
前纵隔占位切除术,2739
右拇缩窄性腱鞘炎切开术,7861
左眼白内障摘除伴人工晶体一期置入术,1395
右侧肺大疱切除术,2572
大隐静脉点式剥脱术+大隐静脉高位结扎,3261
切开取内固定物术,7196
右甲腺叶切除术,815
骨活组织检查,6881
支撑喉镜下双声带小结切除术,2390
开放右肾肿瘤右肾部分切除术,5247
右侧颞叶癫痫病灶切除术,261
右侧胸壁血管瘤切除术,2745
输尿管镜下取异物术,5327
人工股骨头置换术（右）,7794
左侧甲状腺全切除术+峡部切除术,817
右侧乳房切开引流术,8238
左侧甲状腺及峡部切除,817
脊柱可调节装置置入术(生长棒),8221
右拇指多指截指术,8105
股骨内固定装置取出术,7220
大脑开颅蝶骨嵴脑膜瘤切除术,239
左人工股骨头置换术（zimmer公司）,7794
右下叶肺局部切除术,2581
腰椎取内固定术,7244
胸椎管内肿物切除术,456
颅骨骨折复位术,300
尿道下裂修复术（MAGPI术式）,5578
右三叉神经射频热凝术,612
左髋关节置换术左髋关节置换术,7792
胸腔镜经右胸胸腺切除术,937
支撑喉镜显微镜下双侧声带白斑切除术,2395
(胸腔镜)胸腔镜下纵隔肿瘤切除术((34.3002)),2741
右甲状腺大部切除术,824
肝动脉栓塞术,3580
左侧股静脉置管,3351
右侧耳后扩张器植入术,8484
双侧腕管综合征正中神经松解术,674
经右胸微创房间隔缺损封堵术,2885
右侧甲状腺全切+左侧甲状腺次全切除术,818
开颅硬膜外血肿清除术,171
胸12椎体骨折内固定物取出术,7244
经皮腰椎间盘髓核切吸术,7604
[右额颞顶慢性硬膜下血肿钻孔对冲引流术],200
腹腔镜下右肾上腺切除术,886
左垂直半喉切除术,2398
右顶脑膜瘤切除术,239
胸腔镜下经右胸前纵隔囊肿切除术,2741
重睑术,1046
支撑喉镜下声带粘连松解术,2511
支撑喉镜下双侧喉良性肿物切除术,2396
VATS左肺上叶、下叶楔形切除术,2552
左侧甲状腺腺叶＋峡部切除术,817
支撑喉镜下左侧声带新生物切除术,2390
支撑喉镜下CO2激光右侧声带囊肿切除术,2391
双声带息肉摘除术,2386
双大隐静脉高位结扎剥脱术,3261
左肾根治性切除术（&gt;7cm）,5256
椎体后凸成形术,7808
近端胃大部切除术,3918
膝关节部分置换术,7798
左侧C3、C4背根神经节双极脉冲射频术,612
左心、右心导管检查术,3005
部分宫颈切除术,6132
右心导管测压,3003
双侧喉镜下声带病损切除术,2390
左髌骨内固定拆除术,7223
右甲状旁腺肿物切除术,852
双侧腕管正中神经松解术,674
经尿道膀胱结石碎石取石术,5419
左腕内固定取出术,7214
右胫骨结节牵引术,9189
面骨多发骨折术后内固定物取出术,6752
玻璃体腔药物注射术,1486
后腹腔镜下右肾上腺囊肿去顶减压术,894
左侧输卵管切除术,6043
右侧胸锁乳突肌切断术,8002
左侧脑室钻孔引流术(储液囊安置术),209
(右侧)喉镜下声带息肉摘除术,2390
L1椎体内固定拆除术,7244
腹腔镜左侧肾上腺切除术,886
左眼下泪小管吻合术,1098
食管静脉曲张套扎术,3864
左锁骨骨折内固定取出术,7200
显微支撑喉镜下右侧声带新生物切除术,2395
颈部肿块局部切除术,8016
左侧支撑喉镜下声带息肉切除术,2390
后腹腔镜肾上腺肿物切除术,884
左侧三叉神经半月神经节球囊压迫撕脱术,612
右大腿膝上截肢术,8135
左侧甲状腺全切、右侧甲状腺次全切除术,818
胸腔镜下胸交感神经切断术,764
(右侧)乳房癌改良根治术（MEDDEN）,8268
右顶钻孔慢性硬膜下血肿冲洗引流术,192
右手示指残端修整术,8163
右眼前房冲洗术,1337
胸腔镜辅助右肺大疱切除术,2553
前颅窝底脑膜瘤切除术,239
胸腔镜左上肺占位楔形切除术,2554
内镜胃黏膜下剥离术（ESD）,3890
输尿管镜下取异物术((56.0004)),5327
胸腔镜右肺上叶楔形切除,2552
C8D8阻生牙拔除术,1999
支撑喉镜右侧声带新生物摘除术,2390
右胸壁肿块切除术,2745
左肾实质切开取石术,5190
单侧乳房根治性切除术,8275
左甲状腺大部切除术,824
纤维喉镜下声带息肉摘除术,2390
左顶部脑膜瘤切除术,239
立体定向微创颅内血肿穿刺引流术,143
腮腺肿瘤切除术,2129
桡骨病损切除术,6929
右额叶巨大胶质瘤切除术,257
真空辅助  乳肿物旋切术,8247
全麻显微镜下右耳人工耳蜗置入术,1812
经皮穿刺椎体成形术（凯立泰PVP系统+瑞邦人工骨）,7807
左眼小梁切除伴丝裂霉素注入术,1278
右眼巩膜外垫压术,1327
正中神经松解术,674
胸腔镜辅助下右下肺叶楔形切除术,2552
眶上神经射频热凝术,612
输尿管软镜激光碎石术,5329
胫骨结节牵引术,9189
左侧额角脑室外引流术,381
胸腔镜第三胸交感经干并第三交感神经旁路纤维切断术,764
左侧尺神经松解术。,675
左腕管正中神经松解术,674
左颈总动脉-左锁骨下动脉人工血管旁路术,3391
右侧面神经微血管减压术,654
左侧支气管动脉栓塞术,3579
左侧尺骨骨折切开复位钢板内固定术(尺骨鹰嘴),7378
颅骨骨折整复术,300
经皮穿刺椎体成形术（凯立泰PVP系统）,7807
侧脑室-心房分流术,366
髌骨钢针内固定术,7223
右股骨下段肿瘤活检术,6894
左侧睾丸扭转复位术,5849
股静脉置管,3351
腰椎骨折术后取内固定术,7244
右输尿管结石钬激光碎石术,5329
已行手术胸腔镜下左侧肺大泡切除术,2553
胸腔镜下胸交感神经部分切除术,783
主动脉内球囊反搏术,3063
左乳保乳根治术,8269
左侧三叉神经鞘瘤切除术,576
鞍区占位显微切除术,250
胸腔镜下右肺中叶部分切除术,2578
脑膜切开伴硬脑膜下腔血肿清除术(左额钻孔硬膜下血肿外),196
前交通动脉瘤介入栓塞术动脉瘤介入栓塞术,3544
右侧三叉神经半月神经节射频毁损术。,612
为肾透析的静脉插管术,3353
左侧腰交感神经阻滞术,785
脑室腹腔分流管调管术,390
右第5掌骨内固定物取出术,7217
右侧桡动脉-头静脉端侧吻合术,3426
包皮环切术,5883
会阴裂伤修补术,6485
右侧声带息肉切除术,2386
清宫术,6257
左锁骨切复内固定术,7399
大脑病损切除术,278
腰椎后路内固定取出术,7244
胸腔镜下漏斗胸NUSS手术,2771
开颅去骨瓣减压术,176
B超引导下前列腺穿刺,5686
左侧甲状腺全切术,815
左颞叶胶质瘤切除术,261
双侧乳房植入物取出术,8315
右侧甲状腺肿块切除术,821
腹主动脉覆膜支架腔内修复术,3539
锁骨下静脉穿刺中心静脉置管术,3350
椎管内占位性病变切除术,456
右上肺叶楔形切除术,2574
尿道下裂修复术（MAGPI）,5578
支撑喉镜下双侧声带息肉摘除术,2390
左甲状旁腺囊肿切除术,852
胸乳入路腔镜下双侧甲状腺全切除术,833
复发性甲状舌管囊肿切除术,845
前囟颅骨板障内肿块切除术,290
支撑喉镜下声带息肉激光切除术,2391
双侧胸交感神经切除术(胸腔镜下),782
膀胱切开取石,5437
双侧声带病损切除术,2386
左侧经皮心脏射频消融术,3034
右叶甲状腺及峡部切除术,817
大脑开颅左侧额叶脑膜瘤切除术,239
左下肢静脉畸形血管瘤根治术（MTX栓塞硬化注射治疗）,3624
经尿道左输尿管口囊肿电切术,5359
右足踇趾截趾术,8125
支撑喉镜下行左声带息肉切除术,2390
内镜下支撑喉镜下左侧声带息肉切除术,2390
超声引导下血细胞分离采集PRP双膝关节灌注术,7837
左侧大脑中动脉动脉瘤栓塞术,3544
内镜辅助下支撑喉镜下双侧声带息肉切除术,2390
左侧甲状腺全切除术+右侧甲状腺部分切除术,818
左拇指再植术,8142
左侧上颌窦根治术,1940
多指切除矫形术,8105
经右股静脉下腔静脉临时滤器取出术,3478
颈椎后路单开门椎管减压术(内固定术),429
右股静脉穿刺置管术,3351
经T管窦道胆道镜探查术,4846
右侧髂窝同种异体肾移植术,5270
经尿道保留部分尿道前壁前列腺剜除电切术,5699
左大隐静脉高位结扎、分段剥脱术,3261
脑膜膨出切除修补术,320
C臂机引导下经皮穿刺椎体成形术（中央医疗PVP系统+瑞邦人工骨）,7807
经鼻中隔蝶窦垂体瘤切除术,915
左桡骨远端骨折切开复位内固定术,7377
后颅窝开颅听神经瘤切除术,517
胸腔镜下双侧T3胸交感神经切断术,764
[神经内镜下经鼻蝶入路垂体腺瘤切除术],915
阴茎延长整形术。,5902
腰椎椎体成形术,7807
腹壁切口裂开缝合术,5134
左股骨远端占位活检术,6894
ＬＣ,4698
双眼外直肌徙后术,1515
扁桃体切除术,2300
右侧颅骨病损切除术,290
舌系带矫正术,2112
左前胸壁鳃裂囊肿切除术,2745
输尿管支架管取除术,9592
右侧甲状腺全切除术＋左侧甲状腺次全切除术,818
支撑喉镜下右声带肿物活检术,2453
左颞叶占位病变切除术,261
左侧胸壁瘘管切除术,2745
前交通动脉瘤支架辅助介入栓塞术,3546
神经导航下右额叶占位切除术,257
(其他微创)肝动脉造影,8725
右手多指切除术,8105
右侧额外侧入路鞍结节脑膜瘤显微切除术,239
双输尿管插管术,5659
桡动脉－头静脉内瘘吻合术,3426
选择性脊神经后根离断术,438
(胸腔镜左侧上部)肺楔形切除,2552
骨盆肿瘤穿刺活检术,6903
胸腔镜纵隔占位切除术,2741
经皮腰1椎体成形术,7807
右髋关节穿刺术,7834
胃溃疡穿孔修补术,3975
脑室镜导航下辅助脑室-腹腔分流术,373
开颅右侧硬膜外血肿清除术,171
经尿道前列腺激光术,5696
腹腔镜右侧肾上腺腺瘤切除术,884
宫腔镜检查+诊刮术,6265
支撑喉镜声带新生物摘除术,2390
左侧脑室占位切除术,251
全麻显微支撑喉镜下右声带新生物切除术,2395
经腹左肾癌根治,5256
直肠癌根治术（Miles术）,4427
左单侧甲状腺切除术,815
右侧面隐窝入路面神经次全程减压术,653
超声引导下椎旁神经阻滞,744
右肩胛骨骨折切开复位内固定,7397
后腹腔镜下左肾盂成形术,5297
经尿道前列腺电切术(微创),5699
右侧胸壁脓肿切开引流术,2697
VATS食管囊肿切除术,3801
左侧髂动脉支架成形术,3610
左侧颈动脉内膜剥脱术,3162
右乳前哨淋巴结活检术,3644
经翼点脑病损切除术,264
多趾切除术,8127
腹腔镜下肾上腺切除术,886
输尿管镜检查术,5346
右侧股骨病损切除术,6935
经蝶窦鞍区占位切除术,250
左肾癌根治,5256
声带新生物切除术,2386
左侧颅骨骨折复位术,300
左肱骨近端经皮有限切开复位内固定术,7375
基底动脉瘤栓塞术,3544
脊髓脊膜膨出修补术,466
左眼玻璃体腔注药术（雷珠单抗）,1486
左侧颅骨钻孔减压术,177
椎间孔镜下神经根减压松解术,646
后腹腔镜下肾上腺腺瘤切除术,884
前交通动脉动脉瘤夹闭术,3508
关节镜下左腘窝囊肿切除术,8014
甲状腺右叶全切除、左叶部分切除术,818
皮肤病损根治性切除术,8386
膀胱镜下左侧输尿管插管术,5659
左侧三叉神经射频术,612
腹腔镜下肾上腺部分切除术,889
支撑喉镜下声带肿物摘除术,2390
右侧甲状腺全切,815
支撑喉镜右声带息肉CO2激光显微切除术,2391
左髌骨骨折ORIF,7390
降主动脉置换术,3222
右肱骨髁上截骨矫形术,7105
右大腿高位截肢术,8136
左侧翼点开颅脑膜瘤切除术,239
左股骨内固定物取出术,7220
右第五掌骨骨折ORIF,7381
大脑开颅镰旁脑膜瘤切除术,239
支撑喉镜下右侧声带切除术,2406
左胫骨肿瘤切取活检术,6897
左颞胶质瘤切除术,261
右股骨占位活检术,6894
腔镜下右侧甲状腺包块切除术。,822
右髋切开复位术,7470
颅内压监测术,145
藏毛窦切除,8352
大隐静脉高位结扎+点式剥脱,3261
C壁引导输尿管镜下右侧D-J管置入术,5662
左侧甲状腺全切除＋右侧甲状腺次全切除术,818
玻璃体腔药物注射术OD,1486
支撑喉镜下行左侧声带息肉切除术,2390
股骨活检术,6894
颈动静脉瘘栓塞术,3515
腹腔镜下左卵巢囊肿核除术,5951
右下叶肺切除术,2587
经尿道前列腺剜除术,5695
左顶骨骨瘤切除术,290
左踇趾截趾术,8125
尿道外口整形术,5582
经尿道膀胱病损电切术(膀胱肿瘤电切术),5453
右拇指近节指骨颈水平不完全离断再植术,8142
(腹腔镜右侧)腹腔镜下肾上腺病损切除(07.2102),884
右侧甲状腺腺瘤摘除术,821
桡骨内固定物取出术,7210
经皮冠状动脉支架置入术,2948
鼻内镜下鼻窦开放术。,1949
股骨转子间骨折切开复位内固定,7385
VATS下胸腺瘤切除术,937
顺产接生术，会阴裂伤缝合术,6485
侧脑室-腹腔分流管探查术,386
乳突根治术,1764
胸腔镜下纵膈占位切除术,2741
右侧输尿管支架置换术,5676
经支撑喉镜行双侧声带息肉切除术,2390
支撑喉镜显微镜下双侧声带肿物切除术,2395
神经内镜下脑脊液鼻漏修补术,326
左侧甲状腺包块切除术。,821
双侧输尿管DJ管更换术,5676
右胫骨髓内钉拆除术,7226
胸腔镜右上肺叶切除术,2583
电视喉镜喉新生物摘除术,2396
左甲状腺部分+右甲状腺腺叶切除术,818
右肩关节脱位手法整复术,7447
超声引导下麦默通右乳腺肿物微创旋切术,8247
宫颈LEEP术,6118
(膀胱镜)膀胱镜下钬激光碎石术((57.0009)),5425
肱骨骨折内固定取出术,7207
CT引导下肺穿刺,2686
正中切口，胸腺瘤扩大切除术,937
椎间盘造影术,8535
右侧颞叶占位切除术,261
肩关节镜下肩锁关节脱位复位内固定术,7480
左侧乙状窦后入路三叉神经微血管减压术,648
左侧翼点开颅后交通动脉瘤夹闭术,3505
支持喉镜下声带肿物切除术,2390
左肺上叶楔形切除术,2574
椎体成形术（冠龙）,7807
DSA下肺部包块穿刺活检术,2627
右肱骨近端肿瘤切除术,6927
主动脉-多支冠状动脉搭桥术（5支）,2965
左甲状腺腺叶切除+右甲状腺部分切除术,818
右侧全膝关节表面置换术（强生）,7797
支撑喉镜左声带息肉切除术,2390
右中上肺叶切除术,2587
大隐静脉点式剥脱术((38.5903.01)),3263
左颞骨窗开颅脑内血肿清除术,218
喉镜下声带粘连松解术,2511
神经内镜下经鼻鞍区占位切除术,250
腹腔镜下肾癌根治术（右侧）,5258
鞍区占位切除术,250
右侧臂丛神经松解术,668
右人工全髋关节置换术（生物型）,7792
(输尿管（或尿道）镜)输尿管镜下取异物术,5327
经尿道输尿管镜激光碎石取石术(肾盂输尿管),5329
右髌骨骨折切开复位内固定术（捷迈）,7223
左股骨内固定拆除术,7220
左侧甲状腺肿物切除,821
左前臂中段截肢术,8117
左胫骨平台骨折切开复位内固定术,7387
人工股骨头置换术,7794
胸腔镜下双侧胸交感神经链切断术,764
电子支气管镜检查术,2619
膝关节游离体取出术,7524
腮腺病损切除术,2129
右后腹腔镜下肾上腺肿瘤切除术,884
左前臂为肾透析的动静脉造瘘术,3426
胸腔镜纵膈囊肿切除术,2741
尿道狭窄球囊扩张术,5594
右踇趾截趾术,8125
左肺下叶楔形切除术,2574
显微支撑喉镜下声带囊肿切除术,2395
DSA引导下左侧L5-S1侧隐窝神经阻滞术,744
双侧侧脑室外引流术,381
有创颅内压监测置入术,145
右眼玻璃体腔硅油取出术,1471
(胸腔镜左侧下部)肺叶切除术,2583
经左胸微创室间隔缺损封堵术,2891
右手掌腱膜挛缩松解术,7893
支撑喉镜下右侧声带新生物切除术,2390
腹腔镜下盆腔淋巴结清扫术,3689
改良乳突根治术（右）,1766
左腓总神经探查术,563
经右单鼻腔-蝶窦入路垂体瘤切除术,915
腹腔镜左肾上腺切除,886
腰椎后路椎体成形术,7807
右膝人工关节置换术,7797
额叶肿瘤切除术,256
经尿道膀胱肿瘤钬激光剜除术,5455
左侧颈内动脉动脉瘤介入栓塞术,3541
右眼前房成形术,1356
脊髓内肿瘤切除术,459
左眼鼻内窥镜下泪囊鼻腔开窗术,1100
腹腔镜左肾部分切除,5250
右侧听神经鞘瘤切除术,517
左肾输尿管全长切除术,5255
左足内固定拆除术,7196
子宫肌瘤剔除术,6187
(腹腔镜)腹腔镜胆囊切除术,4698
右踝关节骨折切开复位内固定术,7389
支撑喉镜下声带息肉CO2激光切除术,2391
经鼻蝶脑脊液鼻漏修补术,322
左侧去骨瓣减压术,176
胸壁肿物扩大切除术,2745
脊柱内固定装置取出术,7244
胸腔镜左肺上叶切除术,2583
"电子耳蜗植入术(右侧,澳大利亚CI24R.FREEDOM)",1812
胸腔镜第三胸交感神经干并第二三交感神经旁路纤维切断术,764
右侧甲状腺切除术+左侧甲状腺部分切除术,818
腹腔镜右侧肾上腺嗜铬细胞瘤切除术,884
左肘内固定取出术,7196
经尿道前列腺绿激光剜除术。,5696
左侧输尿管膀胱再吻合术,5384
声带小结切除术,2386
双侧乳房假体取出术,8315
腹腔镜右肾上腺巨大肿瘤切除,884
胸腔镜辅助下左上叶肺切除术,2583
股骨切开复位内固定,7385
膀胱造瘘术,5432
左侧拇长伸肌腱缝合术,7904
右单侧甲状腺切除术,815
左肾根治切除术,5256
左侧肾盂输尿管连接部狭窄成型术,5295
茎突截短术,186
保留面神经腮腺浅叶切除术,2139
右肩关节脱位手法复位术,7447
右侧乙状窦后入路听神经瘤切除术,518
宫颈锥切,6113
双侧扁桃体等离子切除术,2303
开放右肾囊肿去顶减压术,5193
大隐静脉高位结扎+点状抽剥术,3261
左颞开颅脑内血肿清除术,218
经输尿管镜支架置入术,5662
胸腔镜第三胸交感神经干并第三交感神经旁路纤维切断术,764
左眼人工晶体取出术,1577
玻璃体腔药物注射术OS,1486
全麻下甲状腺全切术,833
右侧肾上腺肿瘤切除术。,882
支撑喉镜下会厌良性肿瘤切除术,2388
右眼玻璃体腔注药（康柏西普）,1486
后正中入路椎管内肿瘤切除术,456
脊柱内固定物取出术,7244
大脑开颅前交通动脉动脉瘤夹闭术,3508
掌骨钢板内固定术,7179
VATS右侧胸膜活检术,2723
脐疝无张力修补术,4996
右上颌骨全切术,6686
腹腔镜胆囊切除（LC）,4698
右额颞顶颅骨缺损钛网修补术,308
右膝关节表面置换,7797
双侧扁桃体切除术+腺样体切除术,2308
经支撑喉镜CO2激光左声带新生物切除术,2391
腹主动脉瘤带膜支架置入术,3539
支撑喉镜下CO2激光右侧声带肿物切除术,2391
大腿离断术,8136
右侧大脑慢性硬膜下血肿钻孔引流术,200
右睾丸根治性切除术,5796
大面积脑梗塞去骨瓣减压术,176
右足多趾畸形切除术,8127
宫颈锥切术,6113
支撑喉镜下会厌新生物切除术,2388
经右胸胸腔镜下纵隔病损切除术,2741
腹腔镜下卵巢病损切除术,5951
开放性颅脑损伤清创术,273
根治性右半结肠切除术,4153
胸骨固定钢丝取出术,7204
右颞叶海绵状血管瘤切除术,261
右拇多指切除术,8105
左翼点入路脑膜瘤切除术,239
左锁骨钢板内固定取出术,7200
左侧锁骨下动脉支架成形术,3614
双侧支撑喉镜下会厌囊肿切除术,2388
颅骨切除减压术,176
为肾透析的股静脉置管术,3353
后腹腔镜下肾上腺病损切除术(左侧),884
椎管内病变切除术,456
左侧甲状腺腺叶切除+右侧甲状腺大部切除术,818
腹腔镜胃溃疡穿孔修补术,3976
胸腔镜下纵膈肿物切除术,2741
皮肤肿瘤切除术,8370
右肾实质切开取石,5190
滞留流产清宫术,6259
头皮肿物切除术,8370
侧脑室外引流,360
支撑喉镜下右侧声带息肉摘除术,2390
右侧三叉神经鞘瘤切除术,576
左侧锁骨骨折切开复位内固定术,7399
神经内镜下经蝶垂体腺瘤切除术,915
双侧侧脑室钻孔引流术,209
胸腔镜下右肺中叶楔形切除,2552
经腹右肾切除术,5256
颅底肿瘤切除术。,266
双下肢截肢术,8124
移植肾输尿管膀胱再植术,5287
内科胸腔镜下胸膜活检术,2723
左侧甲状腺腺叶切除+右侧甲状腺近全切除术,818
经内镜支撑喉镜下双侧声带息肉摘除术,2390
右甲状腺腺叶切除术+左甲状腺部分切除术,818
右腮腺包块探查切除术。,2129
心脏双腔起搏器安置术,3098
左侧甲状腺肿块切除术,821
胸腔镜下右肺上叶切除,2583
慢性硬膜下积液钻孔引流术,200
睾丸固定术左侧,5810
锁骨切开复位内固定,7399
TURP（TURiS）,5699
腹腔镜胆囊切除术气腹压：14mmHg,4698
腹腔镜下左肾癌根治术,5258
微创漏斗胸矫治,2769
右腹股沟肿物切除术,5096
骨穿,6881
显微镜下支撑喉镜下右侧声带息肉切除术,2395
右眼玻璃体腔注药（雷珠单抗）术,1486
膀胱镜下血块清除术,5423
颅骨缺损自体骨修补术,301
支撑喉镜下双侧声带新生物摘除术,2390
VATS左肺下叶切除,2583
腹壁伤口清创术,5099
肱骨钢板内固定术,7173
大隐静脉高位结扎+点状剥脱术,3261
开腹探查术,5059
乙状窦后入路左侧听神经瘤切除术,518
经尿道膀胱镜下双J管取出术,9601
基底动脉尖动脉瘤介入栓塞术,3544
左侧髌骨骨折切开复位张力带钢丝内固定术（捷迈）,7390
右孟氏骨折术后取内固定术,7212
支撑喉镜显微镜下左侧声带囊肿切除术,2395
右侧侧脑室三角部脑膜瘤切除术,239
双侧支撑喉镜下声带息肉显微切除术,2395
经腹会阴联合直肠癌根治术,4427
右心导管,3003
产钳术手术类型：低位,6500
双侧支撑喉镜下声带小结显微切除术,2395
左额颞顶颅骨修补术(钛网),308
右下颌骨肿物开窗活检术,6657
显微支撑就激光声带息肉摘除术,2395
经后腹腔镜左肾上腺肿瘤切除术,884
左侧支撑喉镜下声带病损激光烧灼术,2391
前列腺电切术,5696
枕骨大孔区脑膜瘤切除术,239
尿道下裂修复术（Duplay术式）,5578
经尿道膀胱肿物电切,5453
全麻显微支撑喉镜下喉部新生物活检术,2452
L5/S1神经根管封闭术,501
经单鼻孔侵袭性垂体大腺瘤切除术（神经内镜及导航辅助下）,915
脑室—腹腔分流术,373
腹腔镜下鞘状突高位结扎术,5776
终止妊娠刮宫术,6259
唇腺活检,2185
腹膜后淋巴结清扫术,3684
经尿道膀胱气压弹道碎石术,5426
腺样体刮除术,2318
右侧阔韧带肌瘤切除术,6270
幕上开颅左额叶占位病切除术,257
胸腔镜左肺下叶楔形切除,2552
乳房肿块切除活检术,8247
宫腔镜下宫腔粘连分离术,6171
经尿道尿道肉阜切除术,5554
右侧桥小脑角区脑膜瘤切除术,239
(左侧)全膝关节置换 施乐辉Legion,7797
(腹腔镜)胆囊切除术((51.2201)),4698
右侧踝关节融合术,7711
经内镜支撑喉镜下左侧声带肿物切除术,2390
脑室钻孔引流,209
内镜辅助支撑喉镜下右侧声带肿物切除术,2390
颅骨钻孔冲洗引流术,172
腹腔镜下肾部分切除术(后腹腔镜下左肾部分切除术),5250
右侧额颞顶枕硬膜下血肿钻孔引流术,200
右侧去骨瓣减压术,176
右跟腱断裂吻合术,8076
左肩关节离断术,8121
局部皮肤病理活检,8347
脑脊液切口瘘修补术,324
腹腔镜下右侧睾丸下降固定术,5811
直视下周围神经活组织检查,608
经鼻中隔蝶窦复发垂体瘤切除术,915
甲状旁腺肿物切除,852
基底动脉分叉部动脉瘤支架辅助介入栓塞术,3546
距下关节融合术,7720
锁骨上淋巴结活检术,3641
胸腔镜下左侧胸膜固定术,2804
腱鞘松解术,7968
右侧单侧肾切除术,5256
阴茎下弯矫直术,5901
胸腔镜下左肺下叶肿物切除术,2554
膀胱镜下双侧输尿管双J管拔除术,9601
经鼻内镜下垂体瘤切除术,915
右中、下肺叶切除术,2587
下胫腓固定螺钉取出术,7225
双侧脑室外引流术,381
脊柱内固定装置去除术,7244
左后腹腔镜肾上腺肿瘤切除术,884
VATS右胸膜活检术,2723
内窥镜下脑内血肿引流术,214
DSA引导下左侧L5-S1脊神经根粘连松解术（手术代码;03.6002),425
A8C8D8阻生牙拔除术,1999
右鼓室成形术Ⅲi,1725
(腹腔镜左侧)腹腔镜下肾囊肿去顶减压术,5194
右侧人工股骨头置换术（强生）,7794
右下肢静脉畸形栓塞硬化注射,3624
左单侧甲状腺切除术+右单侧甲状腺部分切除术,818
右侧甲状腺全切除＋左侧甲状腺次全切除术,818
左颞底入路肿瘤切除术,249
DSA引导下左侧L4-5脊髓和神经根粘连松解术（手术代码;03.6002),480
保留肾单位右肾部分切除术,5247
断掌再植术,8149
左前臂动静脉瘘结扎术,3517
左乳肿区段除术,8247
后腹腔镜右侧肾上腺病损切除术,884
右侧鼓室成形术（I型）,1723
后路经皮穿刺椎体后凸成形术（KMC）,7808
颈椎椎管内占位切除术,456
人工全膝置换术,7797
支撑喉镜下左侧声带白斑切除术,2390
腘静脉松解术,3623
VATS右中肺叶楔形切除术,2552
支撑喉镜下右侧喉良性肿物切除术,2396
锁骨骨折切开复位钢板内固定,7399
左侧面神经显微血管减压术,654
经鼻内镜腺样体切除术,2320
经腹全子宫切除术,6228
输尿管镜下拔DJ管术,9596
唇裂修补术,2226
腹腔镜左肾盂输尿管成形术,5296
试产后子宫下段剖宫产术,6565
右叶甲状腺肿物切除术,821
右肾上腺切除术,885
胸骨正中劈开胸腺瘤切除术,937
全膝关节假体翻修术,7799
右踝关节外侧韧带重建术,7790
经皮房间隔缺损介入封堵术,2885
左尺骨鹰嘴骨折内固定取出术,7212
支撑喉镜下声带肿物切除术（左）,2390
显微喉镜下双侧声带白斑切除术,2395
左侧甲状腺良性肿瘤切除术。,821
关节镜探查术,7535
左侧基底节区脑出血穿刺引流术,143
右额颞顶颅骨切除减压术,176
冠状开颅脑膜瘤切除术,239
左侧额颞顶慢性硬膜下血肿钻孔引流术。,200
经蝶入路垂体瘤切除术,915
左侧输尿管支架管拔除术,9592
肝囊肿开窗引流术,4580
右甲状腺全切+左甲状腺部分切除术,818
腰1椎体骨折经后路切开复位钉棒系统内固定术。,472
阴茎延长术(隐匿性阴茎矫治术),5902
大隐静脉高位结扎分段剥脱,3261
后颅窝开颅左侧听神经瘤切除术,517
支撑喉镜下右声带病损切除术,2390
左甲状腺腺叶+右甲状腺部分切除术,818
腰后路椎板切除减压术,432
电视喉镜下右侧声带息肉摘除术,2390
骶骨活检术,6906
右腮腺区包块探查切除术。,2129
右侧三叉神经痛微血管减压术,648
甲状腺右叶部分、左叶全切除术,818
床旁锥颅颅内压监护电极置入术,145
显微镜支撑喉镜下右侧声带囊肿切除术,2395
左甲状腺腺叶切除，右甲状腺部分切除术,818
右侧大腿离断术,8136
输尿管镜气动碎石术,5330
顶骨骨瘤切除术,290
硬脑膜修补术,316
膀胱镜下移植肾DJ管拔除术,9601
经额脑膜瘤切除术,237
手部腱鞘松解术,7861
左颧弓骨折复位术,6716
慢性硬脑膜下血肿钻孔术,200
左足Ⅰ趾经跖骨截趾术,8125
VATS右上肺叶楔形切除术,2552
左甲状腺全切除术,815
左胸背部骨骼肌肿块切除术,8010
胸腔镜下胸腺肿物切除术,937
经尿道膀胱镜膀胱血块清除术,5423
股骨髓内针内固定术,7181
骨盆肿瘤切开活检术,6903
左膝关节镜检查术,7542
输尿管镜下更换双J管术,5676
右尺骨短缩术,7108
经鼻蝶入路鞍区占位切除术,250
左侧人工股骨头置换术（双动头）,7794
右侧肾盂成形术,5294
支撑喉镜下双声带新生物摘除术,2390
椎体后凸成型术,7808
支撑喉镜双侧声带息肉切除术,2390
右侧人工股骨头置换术（蒙太因）,7794
大脑前交通动脉瘤介入栓塞术,3544
左面神经微血管减压术,654
肺大疱切除术,2572
颅骨修补术颅骨缺损修补术,293
支撑喉镜下声带息肉显微切除术,2395
左侧桡动脉-头静脉内瘘成形术,3426
顶部脑膜膨出切除修补术,320
永久心脏起搏器植入术,3091
左甲状腺切除+右甲状腺部分切除术,818
双侧支撑喉镜下声带小结切除术,2390
根治性胰十二指肠切除术,4915
右侧大隐静脉曲张剥脱术,3263
甲状舌管囊肿摘除术,845
单孔胸腔镜下左肺上叶楔形切除术,2552
左胸壁占位切除术,2745
左侧输尿管膀胱再植术,5384
已行手术冠状动脉支架置入术,2948
锁骨骨折切开复位钢板内固定术,7399
脑室腹腔分流管调整术,390
后路椎体成形术,7807
右胫骨病灶活检术,6897
经右鼻腔蝶窦垂体瘤切除术,915
右侧岩尖脑膜瘤切除术,239
支撑喉镜下CO2激光声带息肉切除术,2391
膀胱镜下取D-J管术,9601
支撑喉镜下双侧声带肿物切除术,2390
胸腔镜经左胸左肺上叶病灶楔形切除术,2554
右外耳道骨瘤切除术,1661
双乳区段切除+术中冰冻,8247
左大腿淋巴管瘤切除术,3662
腔镜下右侧甲状腺大部切除术,825
胸腔镜右肺大泡切除术,2553
右侧额颞部硬膜下血肿钻孔引流术,200
支撑喉镜下右声带肿物摘除术,2390
右侧听神经瘤显微切除术,517
输尿管镜下移植肾双J管拔除术,9596
双膝关节置换,7797
双下肢大隐静脉高位结扎＋剥脱术,3261
支撑喉镜下声带息肉摘除术。,2390
右侧额叶复发胶质瘤切除术,257
左右心导管及先天性心脏病ASD封堵术,2885
双侧扁桃体剥切术,2300
胸壁肿块扩大切除术,2745
右侧跟腱吻合术,8076
腹腔镜右肾MT根治术,5256
后正中入路T12-L1椎管内占位切除术,456
下腔静脉球囊成形术,3495
颞叶病损切除术,261
左侧心脏除颤器置入术,3115
腰椎间盘切除术（经皮内镜下椎间孔入路椎间盘髓核摘除术）,7606
内镜支撑喉镜下双侧声带息肉摘除术,2390
(其他微创)经皮内镜下椎间孔镜下经椎间孔入路腰椎间盘突出髓核摘除术((80.5111.01)),7606
左髂骨肿瘤切开活检术,6903
双下肢大隐静脉高位结扎、分段剥脱术,3261
四脑室占位性病变切除术,255
输尿管镜检查术（左）,5346
胸腰椎椎弓根钉棒系统内固定物取出术,7244
左颞骨骨瘤切除术,290
腹腔镜左肾上腺肿瘤切除,884
右侧额颞开颅基底节区血肿清除术,218
右侧人工股骨头置换术（Zimmer）,7794
大隐静脉高位结扎及部分静脉剔除术(单侧),3261
脾动脉瘤切除术,3284
右侧经血管心脏射频消融术,3034
大脑开颅左侧海绵窦旁脑膜瘤切除术,239
右侧尺神经松解术,675
左小指截指术,8108
颈椎后路颈3-7单开门椎管减压成形术。,429
葡萄胎清宫术,6259
左侧臂丛神经松解术,668
前颅底脑膜瘤切除术,239
左股骨内固定切开取出术。,7220
包皮背侧切开术,5910
左股骨头置换,7794
D8阻生牙拔除术,1999
左上肺切除术,2587
股骨头重建棒植入术,7181
大脑开颅前颅窝底脑膜瘤切除术,239
扁桃体切除术伴增殖体切除术(28.3),2308
经皮椎体活检术,6906
左顶钻孔，硬膜下血肿冲洗引流术,192
支撑喉镜下左声带新生物摘除术,2390
翼点入路鞍结节脑膜瘤切除术,239
右侧翼点开颅脑膜瘤切除术,239
神经导航下右侧额顶部窦镰旁脑膜瘤显微切除术。,239
右侧额叶血肿清除术,218
左叶甲状腺切除、右叶甲状腺部分切除术,818
胸腔镜辅助左肺上叶舌段切除术,2577
左侧全髋关节置换术（施乐辉黑晶头）,7792
经支撑喉镜下行右声带息肉摘除术,2390
VATS左肺上叶切除术,2583
脑室镜辅助右侧脑室腹腔分流术,376
经皮椎间盘造影术,8535
左耳鼓膜切开置管术,1739
右大脑慢性硬膜下血肿钻孔引流术,200
开放左肾切除术,5256
显微镜下睾丸切开取精术,5784
颈部软组织肿物切除术,8016
上腔静脉球囊扩张术,3495
支撑喉显微镜下声带息肉摘除术,2395
剖左胸，左肺下叶切除术,2587
左膝后交叉韧带胫骨止点撕脱骨折切开复位内固定术,7387
经尿道前列腺激光切除术[TULIP手术]钬激光剜除术,5696
垂直部分喉切除术,2416
双眼FFA术,9362
左甲状腺腺瘤切除术,821
腹腔镜左肾上腺切除术,886
T12椎体压缩骨折pkp术,7808
左侧甲状腺腺叶切除术+峡部切除术,817
右侧大隐静脉高位结扎分段剥脱术,3261
左侧胸腔镜下肺楔形切除术,2552
右听神经瘤切除术,517
L2、L4椎体成形术,7807
输尿管镜拔管,9593
支撑喉镜下行左侧声带肿物切除术,2390
DSA下输尿管支架管置换术,5676
双侧拇指屈肌腱狭窄性腱鞘炎松解术,7861
胸主动脉覆膜支架置入腔内隔绝术,3561
关节镜下前十字韧带重建术,7782
左胫骨肿物活检术,6897
脑立体定向深部电极植入术,401
颅骨肿物切除术,290
左甲状腺腺叶+峡部切除,817
CT引导选择性神经根注射术,743
右眼眼球摘除术,1555
左输尿管插管术,5659
内镜辅助下支撑喉镜下右侧声带肿物切除术,2390
VATS经右胸全胸腺切除术,941
颅内镜经鼻蝶入路垂体肿物切除术经鼻中隔蝶窦垂体瘤切除术,915
左侧甲状腺全切除术+右侧甲状腺近全切除术,818
胸腔镜下双侧交感神经链切断,764
锁骨下静脉穿刺置管,3350
跟腱断裂缝合术,8076
自体大隐静脉右股腘动脉旁路术,3437
左侧甲状腺叶切除术,815
耳内镜下左鼓室成形I型术,1723
左额脑肿瘤切除术,249
左侧股骨颈骨折术后空心钉取出术,7220
心脏永久起搏器（DDD）植入术,3098
左侧肾造瘘管置换术,5311
膀胱憩室切除术,5462
右三叉神经射频热凝术（Ⅱ、Ⅲ支）,612
输尿管镜碎石术（左）,5326
皮肤恶性肿瘤切除术,8370
降主动脉内支架置入术,3559
肾造瘘管更换术,5311
右侧脑室-腹腔分流术,373
左锁骨内固定装置取出术,7200
腹腔镜下右侧腹股沟斜疝无张力修补术,4963
左全肺切除、纵隔淋巴结廓清术,2593
左侧腹腔镜下肾上腺肿瘤切除术,884
玻璃体药物注射术,1486
LS左肾根治术,5258
经尿道膀胱镜膀胱激光碎石术,5425
经腹子宫肌瘤核除术,6187
胸主动脉覆膜支架腔内修复术,3561
显微喉镜下左侧声带息肉切除术,2395
右侧颈内动脉瘤栓塞术,3541
右侧三叉神经感觉根切断术,521
经右胸纵隔囊肿切除术,2739
显微支撑喉镜下左侧声带新生物切除术,2395
经腹腔镜行胃转流术,3966
左上肢头静脉－肱动脉端侧动静脉内瘘成形术,3426
腔镜右侧甲状腺包块切除术。,822
右肺上叶切除术,2587
大脑开颅颅骨修补术,293
经左股静脉行下腔静脉永久滤器置入术,3303
右侧甲状腺腺叶及峡部切除术,817
左侧腕管正中神经松解术,674
腰椎占位穿刺活检术,6906
左枕下-乙状窦后入路肿瘤切除术,249
胸腔镜下右中肺切除术,2583
甲状腺肿瘤切除术,821
胸主动脉覆膜支架介入置入术,3561
经尿道前列腺电切术,5699
右拇多指切除整形术,8105
甲状旁腺部分切除术,851
肺内异物取出术,2610
腰椎侧方入路经皮穿刺椎间孔镜椎间盘切除术,7605
食道镜检异物取出术,9645
前列腺癌根治术,5707
右侧锁骨下动脉支架植入术,3614
内镜经鼻脑脊液鼻漏修补术,326
右甲状腺切除术,815
右胸壁清创术,2763
睾丸病损切除术,5794
耻骨上经膀胱前列腺摘除术,5702
右肾动脉球囊扩张术,3485
snodgrass尿道成形术,5586
肱骨切开复位内固定,7375
腹部切口清创缝合术,5099
脑脊液鼻瘘修补术,322
腹腔镜下肾上腺病损切除术(右侧肾上腺肿瘤切除术),884
脑膜瘤切除术,239
经尿道膀胱癌诊断性汽化电切术。,5453
支撑喉镜下喉新生物摘除术,2396
右额叶病损切除术,257
幕上开颅右额部脑膜瘤切除术,239
(其他内镜)经蝶窦垂体瘤切除术,915
右甲状旁腺瘤切除术,852
经左胸纵隔肿物切除术,2739
甲状腺峡部切除术,828
左侧胸壁血管瘤切除术,2745
右侧胫骨髓内钉内固定术,7185
双大隐静脉高位结扎＋点式剥脱术,3261
单侧乳房改良根治术,8268
胸腔镜右肺下叶结节切除术,2554
胸腔镜下双侧交感神经链切断术,764
左下肢静脉支架置入术,3606
扁桃体伴腺样体切除术,2308
腹腔镜下右肾上腺嗜铬细胞瘤切除术,884
输尿管镜下碎石术（软镜）,5326
双侧额叶占位切除术,257
子宫-输卵管造影,8614
胸腔镜下第三胸交感神经干并第二三四交感神经旁路纤维切断术,764
胸骨正中劈开，前纵隔肿物切除术,2739
颌骨囊肿开窗引流术,6653
左跟腱修复术,8076
支撑喉镜下左侧声带病变切除术,2390
右股骨中段截肢术,8135
右侧甲状腺叶+峡部切除术,817
右侧甲状腺切除术+左侧甲状腺次全切除术,818
右侧三叉神经半月节热射频治疗术,612
左甲状腺囊肿切除术,821
右上肺楔形切除术,2574
床旁锥颅右侧脑室外引流术,360
根治性左半泌尿系切除术,5255
右拇指腱鞘切开术,7859
(喉（或咽）镜)喉镜下声带病损切除术((30.0901)),2390
双膝人工全膝表面置换术,7797
包皮环切器包皮环切术,5883
右额叶复发胶质瘤显微切除术,257
(其他内镜)蝶窦探查术((22.5201)),1960
右额部占位切除术,257
颅内压监测探头置入术,145
骨盆骨折内固定取出术,7238
左叶甲状腺及峡部切除术,817
右侧膝关节三间室置换术（强生）,7797
胸腔镜下右肺结节楔形切除术,2554
左大腿截断术,8136
经尿道前列腺电切/剜除术,5699
脑室腹腔分流管探查术,386
甲状腺双侧叶全切术,833
(胆道镜)胆道镜检查术,4676
右侧枕下乙状窦后入路三叉神经微血管减压术（MVD）,648
左侧经皮冠状动脉支架置入术,2948
经尿道膀胱肿瘤钬激光切除术,5455
(左侧)颅内硬膜下冲洗术,192
尿道下裂Ⅰ期矫正术。,5578
左侧甲状腺包块切除术,821
移植肾穿刺活检术,5228
经腹左肾肿瘤根治术,5256
经腹左侧卵巢囊肿剥除术,5957
大脑开颅颅骨骨瘤切除术,290
左足内固定取出术,7196
DDD型永久性心脏起搏器植入术（Medtronic）,3098
左手腱鞘囊肿切除术,7883
肾动脉狭窄支架置入术,3622
右侧三叉神经微血管减压术,648
支撑喉镜下双侧声带息肉激光切除术,2391
硬膜下积液钻孔引流术,200
冠状切口左额入路脑肿瘤切除术,249
输尿管插管术右侧,5659
宫腔粘连分离术,6170
小阴唇粘连松解术,6444
经后路胸椎骨折切开复位+内固定术,471
CT导航下胸椎经椎弓根穿刺活检术,6906
左重复肾切除术,5256
双侧髂动脉支架植入术,3610
下颌骨骨折切开复位术,6726
侧路镜下腰4.5间盘摘除术,7602
腰穿,450
腱鞘巨细胞瘤切除术,8008
支撑喉镜下左声带肿物摘除术,2390
内镜下右侧面神经微血管减压术,655
内镜支撑喉镜下右侧声带囊肿切除术,2390
颈椎后路枕颈融合术,7692
经皮肾镜左肾结石气压弹道超声碎石术,5206
腹腔镜下左侧输尿管膀胱再植术,5386
右侧内乳动脉及锁骨下动脉灌注化疗术,9756
左肱骨髁上骨折切开复位克氏针内固定术,7375
右眼结膜肿物切除术,1119
腹腔镜下肾囊肿去顶术(右肾囊肿),5194
(其他微创左侧)桥小脑角血管神经减压术((04.4203)),646
腭裂修复术,2253
主动脉-多支冠状动脉搭桥术(5支）,2965
右甲状腺腺叶+峡部切除,817
神经导航下右颞叶占位显微切除术。,261
VATS右肺下叶背段切除术,2577
(胸腔镜左侧下部)肺叶切除术((32.2905)),2583
输尿管镜下左输尿管结石钬激光碎石术,5329
T12椎体骨折椎体成形术,7807
眼外肌移位术,1522
左后腹腔镜下肾上腺肿瘤切除术,884
双侧输尿管导管置入术,5659
右DDH术后取内固定,7238
右环指清创再植术,8144
支撑喉镜显微镜下左侧声带息肉切除术,2395
ECMO安置术。,3534
经闭孔尿道中段悬吊术（TVT-O）,5656
支撑喉镜下二氧化碳激光声带白斑切除术,2391
侧脑室-腹腔分流术,373
大隐静脉高位结扎＋剥脱术,3261
右侧睾丸鞘膜切除术,5757
右颞顶颅骨凹陷性骨折整复术,300
双侧输尿管DJ管置换术,5676
左侧经皮肾造瘘术,5200
左侧膝关节镜检术,7542
右侧大隐静脉高位结扎、分段剥脱术,3261
纵膈内肿物（甲状腺左叶及峡部）切除术,817
(其他微创)主动脉瓣机械瓣膜置换术((35.2201)),2847
子宫下段横切口剖宫产术（二次剖宫产）,6566
左颞肿瘤切除术,261
左侧甲状腺腺叶+右侧甲状腺次全切除术,818
双侧甲状腺近全切除术,821
前交通动脉瘤夹闭术,3508
经尿道膀胱碎石术,5419
电视喉镜下声带白斑摘除术,2390
右侧舌咽神经微血管减压术,659
海绵窦区硬脑膜动静脉瘘介入栓塞术,3515
骨活检术,6881
前交通动脉动脉瘤介入栓塞术,3544
左侧胫骨内固定物取出术,7226
左侧肾上腺腺瘤切除术,882
经右侧颈内静脉行下腔静脉临时滤器取出术,3478
左侧离断式肾盂成形术,5294
椎管内髓外硬膜下肿瘤切除术,461
左侧脓胸廓清术,2710
右中下叶肺切除术,2587
左锁骨骨折ORIF,7399
宫颈椎切术,6113
自体骨瓣颅骨修补术,301
肛周脓肿切开引流术,4496
肱骨近端切开复位内固定,7375
(右侧)乳房癌改良根治术（MEDDEN）((85.4303)),8268
阻生牙拔除术,1999
头皮裂伤清创缝合术,8394
左侧侧脑室-腹腔分流管探查术,386
经腹子宫肌瘤剥离挖除术,6187
胆道镜探查术,4676
腹腔镜左肾部分切除术,5250
腔镜右甲状腺包块切除术。,822
右额脑膜切开伴硬脑膜下腔血肿清除术,196
左锁骨内固定拆除术,7200
尿道下裂修复术（Snodgrass术式）,5578
右侧面神经MVD,654
(其他内镜)内窥镜下三脑室造口（瘘）术,345
左前胸壁结核病灶清除术,2745
VATS辅助食管病损切除术,3801
脑室分流管置换术,387
神经导航下鞍区病变显微切除术。,250
多指畸形矫正术,8105
左侧上颌骨颧骨颧弓骨折切开复位内固定术,6719
单鼻孔经蝶垂体瘤显微切除术,915
VATS-左肺上叶切除术,2583
双股骨远端、双胫骨近骨骺固定术,7102
显微支撑喉镜声带息肉摘除术,2395
重睑成形术,1046
双手拇指多指切除术,8105
左侧膝关节半月板损伤膝关节镜检术,7542
经胸腔镜双侧第三胸交感神经干切断术,764
阴茎弯曲矫形术,5901
左侧半月神经节射频热凝术,620
左甲状腺腺叶+右甲状腺大部切除术,818
胸腔镜下后纵隔肿瘤切除术,2741
左侧额颞顶部硬膜下积液外引流术,192
右中指再造术,8143
切口疝修补术,5005
前列腺放射性粒子置入术,9054
脊柱内固定装置取出术((78.6901)),7244
左额颞顶部颅骨缺损颅骨钛板置入术,307
经尿道膀胱镜膀胱碎石钳碎石取石术,5427
右眼白内障超声乳化术,1377
胸腔镜左肺上叶楔形切除术,2552
部分膝关节置换术右膝关节内侧间室置换术,7798
TURP（等离子电切）,5699
经尿道双极前列腺剜除术+组织粉碎术,5695
椎管内囊肿切除术,456
腹腔镜下左侧肾上腺切除术（经腹腔入路）,886
大脑开颅右额叶肿瘤切除术,257
VATS右胸全胸腺切除术,941
右肩袖修补术,8036
左肾切开取石术,5190
神经电生理监测下胸腰段椎管内占位性病变切除术,456
面神经减压术,653
左上颌骨部分切除术,6674
经皮胸12椎体成形术,7807
支撑喉镜下显微镜下左侧声带息肉切除术,2395
右胫骨外支架取出术,7227
肾动脉支架植入术,3622
胸腔镜下右上肺占位切除术,2554
左外耳道新生物切除术,1661
髌骨内固定取出术((78.6601)),7223
支气管囊肿切除术,2542
腹腔镜阑尾切除术,4346
大脑开颅脑脊液鼻漏修补术,322
胸腔镜辅助双侧交感神经链切断术,764
腹腔镜下右侧疝囊高位结扎术,4958
右侧额叶占位性病变切除术,257
右声带息肉摘除术,2386
胸腔镜下双侧胸4交感神经干切断术,764
超声支气管镜检查,2618
显微镜下支撑喉镜下双侧声带息肉切除术,2395
岩斜区脑膜瘤切除术,239
Duplay尿道成形术,5586
椎旁神经阻滞镇痛术,744
肾动脉球囊扩张成形术,3485
冠状切口右额入路脑膜瘤切除术,237
右侧甲状腺腺叶切除+左侧甲状腺大部切除术,818
神经导航下左侧顶叶肿瘤显微切除术。,256
会阴裂伤缝合术,6485
右甲状腺肿物切除术,821
内镜辅助支撑喉镜下双声带肿物切除术,2390
左眼复合式小梁切除术,1274
尿道内切开术,5537
经右股静脉下腔静脉滤器植入术,3303
后腹腔镜左侧肾上腺囊肿切除术,884
支撑喉镜下喉肿物摘除术,2396
左侧三叉神经微血管减压术,648
支撑喉镜下双声带病损切除术,2390
左锁骨钢板内固定术,7169
左侧乙状窦后入路左侧听神经瘤切除术,518
左肱骨髁上骨折切开复位内固定术,7375
双声带息肉切除术,2386
后路全椎板切除减压术,432
左侧人工股骨头置换术（前路）,7794
左侧腓总神经松解术,682
双侧额角脑室外引流术,381
经尿道膀胱肿瘤绿激光汽化术,5455
胸腔镜右肺大疱切除术,2553
右侧经皮肾镜超声碎石术,5208
神经内镜下经蝶窦鞍区占位切除术,250
骶骨穿刺活检术,6906
脑积水脑室腹腔分流术,373
左侧额颞顶去骨瓣减压术,176
(其他内镜)脑脊液鼻漏修补术((02.1202)),326
左额顶开颅颅内占位切除术,249
踝关节镜下游离体取出术,7529
鼻内镜下腺样体等离子消融术,2319
经皮穿刺椎体后凸成型术（T12 PKP术）,7808
颅骨修复术,293
支撑喉镜下右侧声带囊肿切除术,2390
甲状腺左叶，峡部切除术,817
包皮环切术（吻合器法）,5883
皮肤组织活检术,8347
喉良性肿瘤切除术-经支撑喉镜,2396
胸腔镜下右中肺叶切除术,2583
(腹腔镜)腹腔镜胃间质瘤切除,3897
肛门成形术,4563
右侧副耳切除术,1667
右侧桡骨内固定装置去除术,7210
产后刮宫术,6260
髌骨骨折内固定物取出术,7223
左侧甲状腺全切除+右侧甲状腺部分切除术,818
VATS右下肺叶切除术,2583
左侧睾丸鞘膜翻转术,5775
左下颌钛板取出术,6753
电视喉镜下会厌囊肿摘除术,2388
周围神经阻滞术,745
右甲状腺全切除、左甲状腺部分切除术,818
右侧腹腔镜下单侧肾上腺切除术,886
双侧甲状舌管囊肿切除术,845
支撑喉镜下声带肿物活检术,2453
下腔静脉滤网植入术,3303
右手内固定物取出术,7214
脑叶切开术,202
部分性脾动脉栓塞术,3581
经内镜支撑喉镜下右侧声带息肉切除术,2390
颅骨钛网修补术,308
经尿道前列腺激光切除术[TULIP手术],5696
后腹腔镜下右肾囊肿开窗术,5194
肾动脉瘤栓塞术,3578
右甲状腺癌根治术（右甲状腺全切除术+左甲状腺近全切除术）,818
前列腺根治性切除术((60.5001)),5707
全麻显微支撑喉镜下行声带新生物切除术,2395
右小指末节伸指肌腱缝合术,7904
经阴道无张力尿道悬吊术[TVT],5645
内镜下右侧甲状腺腺叶切除术,815
腹腔镜下左肾上腺肿物切除术,884
右甲状腺+峡部切除术,817
经尿道膀胱肿瘤活检术,5447
支撑喉镜下喉肿物切除术,2396
内镜下腺样体切除术,2320
双侧额叶脑内血肿清除术,218
人工永久心脏起搏器植入术,3091
左踝关节下胫腓螺钉取出术,7225
支撑喉镜显微镜下左侧声带新生物切除术,2395
尿道成形术手术方式及根据（若术式大于一种）：/,5586
左侧甲状腺腺叶切除术。,815
右膝关节表面置换术（施乐辉高屈曲）,7797
经皮穿刺支气管动脉栓塞术,3579
左侧额颞开颅前交通动脉瘤夹闭术,3508
B超引导下肝穿刺术,4586
经尿道膀胱肿瘤激光术,5455
左侧甲状腺全切、右侧甲状腺部分切除术,818
DSA引导下左侧T6－8脊髓和神经根粘连松解术（手术代码;03.6002),480
双甲状腺全切除术,833
右肾上腺巨大肿瘤切除,882
左甲腺叶切除术,815
经颞脑病损切除术,263
移植肾DJ管拔除术,9595
指关节病损切除术,7654
右侧CP角脑膜瘤切除术,239
后正中入路四脑室占位切除术,255
支撑喉镜下双侧喉新生物切除术,2396
食道镜下食道异物取出术,9645
左肾根治性切除术（肿瘤大于7cm）,5256
胸腔镜下左肺肺大疱切除术,2553
显微镜下支撑喉镜下声带息肉切除术,2395
经输尿管镜膀胱气压弹道碎石术,5426
根治性右肾切除,5256
[手术名称]经导管房间隔缺损封堵术,2885
右膝关节镜下肿物切除术,7661
左侧甲状舌管囊肿切除术,845
左额叶肿物显微切除术,257
腹腔镜下肝囊肿开窗术,4582
胸腔镜经右胸右肺上叶病灶楔形切除术,2554
左侧岩斜区脑膜瘤切除术,239
左手环指残端修整术,8163
右侧甲状腺肿物切除术。,821
左肾根治性切除,5256
经尿道离子束刀膀胱肿瘤切除术,5453
已行手术 经腹子宫下段横切口剖宫产术,6566
左甲状腺全切，右甲状腺次全切除术,818
输尿管支架拔除术,9592
左侧颈动脉内膜切除，颈动脉补片成形术,3163
经支撑喉镜下左侧声带肿物切除术,2390
双侧硬脑膜下钻孔引流术,200
右面神经微血管神经减压术,654
骶骨肿瘤穿刺活检术,6906
左眼激光虹膜切除术,1230
尺神经前置术,710
右胫腓骨截骨矫形术,7114
诊断性刮宫,6264
腹腔镜下肾部分切除术(左肾肿瘤),5250
主动脉窦瘤破裂修补术,2875
VATS，左肺上叶楔形切除术,2552
卵巢囊肿剥除术,5957
左侧胸膜固定术,2801
左额钻孔硬膜下血肿引流术,192
胸腔穿刺置管引流术,2704
腰椎后路间盘摘除术,7602
支撑喉镜下双侧声带小结切除术,2390
经尿道膀胱镜碎石术,5419
膝关节双间室置换术,7798
右侧尺神经前置术,710
右侧甲状腺全切，左侧甲状腺全切术,833
包皮切开术,5910
髂内动脉栓塞术,3583
硬膜外血肿清除术,171
胸腔镜辅助纵隔占位切除术,2741
左拇指多指切除整复术,8105
宫腔镜下宫腔粘连松解术,6171
支撑喉镜下左侧声带病损切除术,2390
骨盆肿瘤切除术,6945
椎旁神经单次阻滞镇痛术,744
右股骨骨折切开复位内固定术（PFNA）,7385
(其他微创)神经导航下脑肿瘤切除术((01.5940)),249
腰椎穿刺,450
皮肤活检术,8347
左胫距关节融合术,7712
LS左肾上腺肿物切除术,884
支撑喉镜下喉白斑切除术,2396
左肩锁关节脱位切开复位内固定,7480
显微镜下支撑喉镜下右侧声带肿物切除术,2395
VATS下右下肺叶楔形切除,2552
左桡动脉-头静脉造瘘术,3426
冠状动脉支架植入术。,2948
立体定向微创穿刺颅内病灶活检术,149
右侧甲状腺全切+峡部切除术,817
股骨闭合复位钢针内固定 理贝尔,7334
移植肾动脉球囊扩张术,3485
床旁锥颅颅内压监测电极置入术,145
右三叉神经微血管减压术,648
乳房病损微创旋切术,8247
双侧股骨头髓芯减压术,6804
右甲状腺及峡部切除术,817
左侧斜颈腱性条索切断术,2869
玻璃体注药术OU,1486
三叉神经射频消融术,619
经尿道前列腺绿激光气化术。,5696
双膝关节镜检查术,7542
右甲状腺大部分切除术,824
双侧椎体成形术,7807
左髌骨内固定物取出术,7223
床旁锥颅，右侧脑室穿刺引流术,140
支撑喉镜下显微声带息肉切除术,2395
腹腔镜左半尿路切除,5259
输尿管镜检术,5346
(腹腔镜)腹腔镜检查术,5075
腭咽成形术,2261
左侧三叉神经射频热凝术,612
胸腔镜左肺肿物切除术,2554
支撑喉镜下右侧喉肿物切除术,2396
左手拇指狭窄性腱鞘松解术,7861
支撑喉镜下左侧声带息肉摘除术,2390
(喉（或咽）镜)喉镜下喉病损切除术,2396
右腕管镜下腕横韧带切开，正中神经松解,674
双叶甲状腺肿物切除术,821
腰椎肿瘤穿刺活检术,6906
纵隔镜纵隔淋巴结清扫,3683
左侧锁骨骨折切开复位钢板内固定术（金兴达）,7399
左下肢静脉畸形栓塞硬化注射,3624
右侧甲状腺切除术+峡部切除术,817
尿道冷刀切开术,5537
显微镜直视支撑喉镜下声带病损切除术,2395
双膝置换术,7797
经尿道双J管置入术,5662
单鼻孔蝶窦入路垂体瘤切除术,915
右环指骨骼肌软组织肿物切除术,7884
胸腔镜下右肺楔形切除术,2552
化脓性阑尾切除术,4348
膝关节镜下关节松解术,7579
鼻内镜下左侧上颌窦囊肿切除术,1970
左侧额颞顶原切口入路开颅颅骨钛网成形术,308
左侧甲状腺叶及峡部切除术,817
左胫腓骨骨折内固定术,7184
双正中神经松解术。,674
甲状腺全切术,833
全麻显微支撑喉镜下行声带新生物摘除术,2395
脑室分流管去除术,392
截指术,8105
左侧甲状腺切除术+右侧甲状腺部分切除术,818
胸腔镜下交感神经链切断术（双侧）。,764
胸腔镜下交感神经切断术(双侧),764
右侧额颞顶颅骨缺损钛网修补术,308
腹腔镜肾盂成形术（左）,5297
左颈动脉瘤体瘤切除术,3604
经十一肋右肾根治性切除术,5256
支撑喉镜下双声带息肉切除术,2390
经阴道膀胱阴道瘘修补术,5494
胸腔镜下左上肺尖后段切除术,2577
胸12-腰1椎管内占位切除术,456
右侧甲状腺加峡部切除术,817
下腔静脉滤器回收术,3478
双侧甲状腺肿物部分切除术,821
头皮撕脱伤清创缝合术,8394
胸腔镜左上肺肿物楔形切除术,2554
右侧全髋关节置换术（强生）,7792
左锁骨内固定取出术,7200
右额开颅镰旁脑膜瘤切除术,237
右甲状腺全切除术+左甲状腺全切除术,818
右侧面神经根显微血管减压术,654
胸腔镜下左肺上叶肿瘤楔形切除术,2554
骨盆骨折外固定架固定术,7097
鼻内镜下左侧鼻腔肿物切除术,1858
腰椎骨折PKP术,7808
右肾上腺肿瘤切除术,882
甲状腺大部切除术甲状腺大部切除术,824
左侧听神经病变切除术,578
右侧睾丸牵引固定,5810
主要手术名称左侧睾丸下降固定术,5810
支撑喉镜鼻内镜下喉部肿物切除术,2396
右上甲状旁腺腺瘤切除术,852
左腓骨截骨术,7114
腹腔镜辅助下脑室腹腔分流术,377
颅内血肿穿刺外引流术,143
跖骨截骨术,7115
右股骨肿物切取活检术,6894
后腹腔镜下肾上腺部分切除术,889
左肾MT根治术（&gt;7cm),5256
输尿管镜下右侧输尿管狭窄段球囊扩张术,5660
骶骨内固定物取出术,7244
(膀胱镜)膀胱肿瘤切除术,5453
心脏除颤器置入术,3115
支撑喉镜下声带白斑切除术,2390
子宫下段剖宫产术（急诊）,6565
支撑喉镜下声带囊肿摘除术,2390
(胸腔镜右侧)胸腔镜下纵隔肿瘤切除术(34.3002),2741
甲状腺右叶包块切除术,821
左股骨颈骨折ORIF,7385
硅油取出术（右）,1471
神经内镜下鞍区占位病变切除术,250
膀胱部分切除术,5469
胸腔镜右侧膈肌折叠术,5034
右电子耳蜗植入术,1812
(右侧)输尿管镜下取异物术,5327
左股骨颈骨折内固定术,7181
左侧人工全髋关节置换术（Zimmer）,7792
右输尿管结石气压弹道碎石术,5330
(鼻内窥镜)鼻咽活检术,2341
DSA引导下右T3-5肋间神经阻滞术,748
孕期经阴道宫颈环扎术（筋膜外）,6144
右小趾截趾术,8125
胸腔镜下右肺下叶病变局部切除术,2554
低位产钳术,6500
右侧经蝶骨垂体病损切除术,915
皮肤表浅肿物切除术,8370
脑膜切开伴硬脑膜下脓肿引流术,195
支撑喉镜下显微镜下声带息肉切除术,2395
左侧乙状窦后入路岩尖脑膜瘤切除术,239
支撑喉镜下左声带息肉显微切除术,2395
右手食指截指术,8108
左额开颅镰旁脑膜瘤切除术,237
单孔胸腔镜右肺下叶切除术,2583
锁骨钢板内固定术,7169
"左肾部分切除术,使用人工智能辅助治疗技术加收",5247
左拇指内固定取出术,7240
(其他微创)腰椎体成形术（修补术）,7807
颅内多发脑膜瘤切除术,239
支撑喉镜下右声带息肉切除术,2390
胸腔镜纵隔囊肿切除术,2741
经阴道经闭孔尿道中段无张力吊带悬吊术,5656
正中切口胸腺瘤切除术,937
左心导管检查,3004
支撑喉镜下双侧声带病损切除术,2390
经皮T12椎体成形术,7807
支撑喉镜下左侧喉良性肿物切除术,2396
支撑喉镜下二氧化碳激光左侧声带肿物切除术,2391
右侧经皮冠状动脉支架置入术,2948
左肩部扩张器植入术,8486
支撑喉镜下CO2激光双侧声带息肉切除术,2391
右侧额颞顶枕部硬膜下血肿钻孔引流术。,200
膝关节镜探查术,7542
左踝关节镜检术,7543
左乳扩大区段切除术,8249
三脑室造瘘术,346
左侧侧脑室前角钻孔外引流术,209
腭裂修补术,2253
右侧胸腔闭式引流,2704
3D腹腔镜胆囊切除术,4698
多趾截趾术,8127
支撑喉镜下左侧喉肿物切除术,2396
肝右叶特殊肝段切除术,4596
椎板间入路完全内镜下腰椎髓核摘除术（L5/S1）,7606
床旁锥颅双侧脑室外引流术,360
胸腔镜下左上肺肿物切除术,2554
(左侧)全膝关节置换 施乐辉G2,7797
尿道口肿块切除,5564
显微支撑喉镜下双侧声带新生物切除术,2395
枕下入路小脑蚓部肿瘤显微切除术,272
神经内镜下经鼻碟鞍区占位切除术,250
耻骨后前列腺癌根治术,5707
左眼白内障超声乳化抽吸术,1377
左侧肾上腺切除术,885
人工肱骨头置换术,7820
左肾盂切开取石,5213
经皮椎体后凸成形术（PKP）,7808
经鼻蝶神经内镜辅助下鞍区病损切除术,250
经支撑喉镜CO2激光会厌囊肿切除术,2389
食管ESD术,3795
B超引导下真空辅助乳腺肿物旋切术,8247
腹腔镜下经腹左肾根治术,5258
左右心导管术,3005
胸腔镜下左肺下叶结节切除术,2554
双髋人工关节置换术,7792
腹腔镜下输尿管膀胱再植术,5386
阴茎海绵体冲洗术,5923
支撑喉镜显微镜下双侧声带小结切除术,2395
左锁骨上淋巴结切除活检术,3653
双侧乳房注射材料取出术。,8315
肺叶切除术,2587
左胫骨截骨矫形术,6837
左侧甲状腺腺瘤摘除术,821
左侧下颌骨内固定物取出术,6753
右肺下叶背段切除术,2580
主动脉窦瘤修补术,2875
VATS右上肺楔形切除,2552
踝关节镜检查,7543
右眼巩膜外加压术,1327
鞍结节脑膜瘤显微切除术,239
双小腿截肢术,8133
尿道肿瘤切除术,5559
经导管主动脉瓣置换术,2818
右额颞顶部颅骨缺损颅骨钛板置入术,307
显微镜支撑喉镜下左侧声带息肉切除术,2395
胸骨后甲状腺全切除术,840
经皮腰2椎体后凸成形术（PKP),7808
胸腔镜下左上肺大疱切除术。,2553
经左胸cVATS左上肺部分切除术,2578
左侧pemberton骨盆截骨术,6844
后枕部脑膜膨出修补术,320
右侧附耳切除术,1667
(右侧)全髋关节置换术((81.5101)) Depuy Pinnacle+Corail CoC,7792
经尿道半导体激光前列腺切除术,5696
左尺骨鹰嘴内固定物取出术,7212
左耳廓肿物切除术,1661
后路脊柱内固定器取出术,7244
显微镜下三叉神经根血管减压术,648
双侧跟腱切断术,7984
微创漏斗胸矫形术,2769
镰旁脑膜瘤切除术,239
腭垂-软腭-咽成形术[UPPP],2265
经鼻蝶窦垂体巨腺瘤切除术,915
右人工耳蜗再次植入术,1812
左侧腮腺病损切除术,2129
胸腔镜下胸膜活检术((34.2101)),2723
右侧甲状腺腺叶＋峡部切除术,817
后颅窝脑膜瘤切除术,239
右胸壁淋巴管瘤切除术,2745
半月板部分切除术,7616
VATS食管平滑肌瘤剥除术,3801
右甲状腺叶切除+左甲状腺叶部分切除术,818
额部颅骨缺损修补术,293
右额叶占位显微切除术,257
左甲状腺腺瘤切除术。,821
左侧支撑喉镜下声带囊肿切除术,2390
胸腔镜左上肺部分切除术,2578
肛瘘切开挂线引流术,4553
右髌骨取内固定术,7223
右侧肘管切开尺神经前置术,710
支撑喉镜下右侧声带息肉切除术,2390
三叉神经半月节射频毁损术,620
颅骨整复术,293
胸主动脉夹层动脉瘤覆膜支架腔内隔绝术,3561
右全肺切除、纵隔淋巴结清扫术,2593
右侧甲状腺腺叶切除+左侧甲状腺近全切除术,818
左侧甲状腺腺叶切除术,815
床旁锥颅左侧脑室外引流术,360
左膝关节表面置换术（施乐辉）,7797
右开胸脓胸廓清术,2710
双膝关节镜检术,7542
DSA脑血管造影,8705
左侧肾上腺嗜铬细胞瘤切除术,882
输尿管膀胱再植术,5384
右甲状腺切除，左甲状腺次全切除术,818
(膀胱镜)膀胱肿瘤切除术+经尿道膀胱电灼术（TURBT）((57.5906+57.4907)),5453
右跟腱修补缝合术,8076
左鼓室成形I型,1723
右侧半月神经节脉冲射频术,612
左眼虹膜周切术,1231
支撑喉镜下会厌新生物摘除术,2388
神经导航下左额叶病变显微切除术。,257
腹腔镜右侧肾上腺肿物切除术,884
右肾切开取石,5190
左膝关节镜检术,7542
蝶骨嵴脑膜瘤切除术,239
右眼复合小梁切除术,1274
大脑开颅、右额叶胶质瘤切除术,257
左侧后交通动脉瘤支架辅助介入栓塞术,3546
支撑喉镜下行双侧声带息肉切除术,2390
人工全髋关节置换,7792
腹腔镜下肾囊肿去顶术(腹腔镜下右肾囊肿去顶减压术),5194
腰2椎体骨折内固定装置取出术。,7244
左侧甲状腺全切＋右侧甲状腺部分切除术,818
右侧甲状腺腺叶切除术+峡部切除术,818
右跟腱缝合术,8076
左侧额顶部慢性硬膜下血肿钻孔引流术。,200
左侧胸壁巨大肿物切除术,2745
右陶瓷-聚乙烯髋关节置换,7792
肺穿刺术,2686
(左侧)肾部分切除术((55.4001)),5247
侧脑室占位切除术,251
右侧前交通动脉瘤栓塞术,3544
支撑喉镜+内窥镜下双侧声带息肉摘除术,2390
左侧甲状腺切除,815
内镜辅助下支撑喉镜下【】侧声带肿物切除术,2390
胸骨正中劈开，纵隔肿瘤切除术,2739
CT引导肾造瘘术,5200
三脑室后部肿瘤切除术,252
左乳包块麦默通旋切术,8247
股骨头置换,7794
Miles术,4427
经尿道膀胱肿瘤激光治疗术,5455
改良腭咽成形术,2261
电视喉镜下声带息肉摘除术,2390
神经监护内镜辅助双侧甲状旁腺腺瘤切除,853
L4/5、L5/S1椎间盘造影术,8535
(左侧)全髋关节置换术((81.5101))（施乐辉）,7792
B超引导下耻骨上膀胱造口导尿管插入术,5433
经尿道前列腺电切术    手术方式及根据（若术式大于一种）：/,5699
左全肺切除，纵隔淋巴结清扫术,2593
右侧甲状腺切除+峡部切除术,817
右侧单侧甲状腺切除术,815
胸腔镜下右肺中上叶切除,2583
双乳包块微创旋切术}。,8247
右眼翼状胬肉切除联合角膜缘干细胞移植术,1163
椎骨活检术,6906
宫颈赘生物摘除术,6128
左侧颅骨钻孔硬膜下血肿引流术,172
后腹腔镜下左侧无功能肾切除术,5258
腰椎术后内固定物取出术,7244
床旁锥颅，左侧脑室穿刺引流术,140
外耳道成型术,1678
膀胱镜碎石术,5419
经皮心内电生理检查,3010
TULIP,5696
右侧颈动脉体瘤切除术,3604
双侧腕管松解术,664
右侧甲状旁腺病损切除术,852
胸椎椎体成形术,7807
腱鞘病损切除术,8008
左侧甲状腺叶伴峡部切除术,817
左第I、II趾截趾术,8125
肝血管瘤切除术,4623
人工股骨头置换,7794
支撑喉镜下CO2激光左声带白斑切除术,2391
DSA引导下左侧C5－7脊髓和神经根粘连松解术,482
脑室分流管修正术,389
(膀胱镜)前列腺等离子切除术((60.6902)),5699
PICC置管,3348
电吸刮宫术,6318
腹腔镜下特殊肝段切除术,4597
右踝内固定取出术,7230
双侧腕横韧带切开、正中神经松解,674
双侧睾丸活检术,5788
右腕腱鞘囊肿切除术,7968
腰神经根封闭术,501
右侧额颞顶部去骨瓣减压术,176
右侧上颌神经射频热凝术,612
右侧甲状腺腺叶切除术+左侧甲状腺部分切除术,818
额角穿刺脑室外引流术,143
经后路行“腰1椎骨折经皮穿刺椎体成形术”,7807
左侧开颅去骨瓣减压术,176
膀胱镜取石术,5422
颈椎后路椎管内肿物切除术,456
VATS纵隔肿瘤切除术,2741
宫腔镜下诊断性刮宫术,6265
左足踇趾残端修整术,8163
经皮左房神经节消融术,612
介入下下腔静脉滤器植入术,3303
手助腹腔镜右肾根治术,5258
双侧颅骨钻孔硬膜下血肿冲洗引流术,172
神经导航辅助单鼻孔经蝶鞍区占位显微切除术,250
前颅底肿瘤显微切除术。,266
支撑喉镜左侧声带息肉摘除术,2390
腰椎硬膜外封闭术,499
腹腔镜下肾上腺肿瘤切除术（右侧）,884
后路微创经皮球囊扩张椎体成形术,7809
心包积液经皮穿刺置管引流术,2987
经尿道前列腺等离子剜除术,5699
输尿管镜碎石取石,5326
导航内镜下经鼻蝶垂体瘤切除术,915
神经内镜下鞍区肿瘤切除术,250
右大腿中段截肢术,8136
L4/5、L5/S1腰椎间盘造影术,8535
经皮穿刺椎体成形术,7807
左额部入路颅内占位性病变切除术,259
经椎弓根腰1椎体内固定术,7194
踝关节脱位切开复位术,7472
VATS，右肺下叶楔形切除术,2552
全髋关节置换DAA,7792
智能臂辅助经腹腹腔镜肾盂输尿管离断成形术,5296
左肾癌根治性切除,5256
右眼泪囊鼻腔吻合术,1100
右膝关节切开松解术,7579
右下肢大隐静脉高位结扎抽剥,3261
显微支撑喉镜下声带息肉摘除术,2395
左面神经微血管神经减压术((04.4203)),654
肩胛骨病损切除术,6922
双侧大隐静脉高位结扎＋剥脱术,3261
(左侧)髌骨切开复位内固定,7390
显微镜下支撑喉镜声带息肉切除术（左）,2395
颅骨整形术,293
左甲状腺腺叶切除术,815
舌系带修整术,2112
正中开胸胸腺切除术,934
立体定向请颅内血肿清除术,171
椎体部分切除术,7002
右足拇趾截趾术,8125
和方式：子宫下段剖宫产术,6565
耻骨上膀胱切开取石,5437
(腹腔镜)腹腔镜下子宫肌瘤切除术,6198
左侧腹腔镜下肾上腺病损切除术,884
左甲状旁腺切除,851
四脑室肿瘤切除术,255
右侧全髋关节置换术（Depuy）,7792
经后路腰5/骶1椎间盘髓核摘除术。,7604
右下甲状旁腺腺瘤切除术,852
后腹腔镜下左肾上腺囊肿去顶减压术,5194
左额顶慢性硬膜下血肿钻孔引流术,200
后腹腔镜下肾上腺切除术（右）,886
右颞顶硬膜外血肿清除术,171
左环指切开复位内固定术,7383
膀胱镜下拔除DJ管,9601
侧脑室--腹腔分流术,373
显微喉镜下右侧声带囊肿切除术,2395
右侧先天性拇指多指畸形切除整复术,8105
颅骨去骨瓣减压术,176
腹腔镜下右侧肾上腺瘤切除术,884
DSA引导下左侧T2-4肋间神经阻滞术,748
右髂动脉支架植入术,3610
滤帘切除术[小梁切除术],1274
输尿管腔内碎石术（右）,5326
胸主动脉夹层腔内隔绝术,3558
右侧甲状腺全切除术+左侧甲状腺部分切除术,818
左枕下乙状窦后入路脑膜瘤切除术,239
左颞开颅脑肿瘤切除术,249
左肾上腺转移瘤微波消融术,882
胸腔镜下右下肺结节切除术,2554
内镜下等离子射频辅助下腺样体、双侧扁桃体部分切除术,2308
支撑喉镜下声带病损切除术,2390
尿道下裂成形术,5578
脑室分流管探查术,386
左眼经巩膜睫状体光凝术。,1299
双侧支撑喉镜下声带病损切除术,2390
悬吊喉镜下声带肿物摘除术,2390
右侧大脑中动脉动脉瘤显微夹闭术。,3504
经腹左肾上腺肿瘤切除术,882
支撑喉镜下显微镜下双侧声带息肉切除术,2395
胸腔镜下左上肺叶切除术。,2583
面隐窝入路面神经减压术,653
胸腔镜第四胸交感经干并第二三四交感神经旁路纤维切断术,764
胸壁血管瘤切除术,2745
支撑喉镜下CO2激光辅助声带肿物切除术,2391
踝关节骨折切开复位术,7364
后腹腔镜下肾上腺部分切除术(左侧),889
支撑喉镜下喉乳头状瘤切除术,2396
胸腔镜下双侧胸3交感神经干切断术,764
左侧三叉神经微血管减压,648
胸椎后路内固定物取出术,7244
大隐静脉高位结扎剥脱术,3261
3D腹腔镜辅助dixon术,4439
了右侧额颞顶部颅骨钻孔引流术,172
膀胱镜下膀胱结石碎石术,5419
阴茎全部切除术,5893
"左上肢动静脉造瘘术,为肾透析",3426
交通性脑积水腰大池-腹腔分流术,485
左侧颈动脉体瘤切除术。,3604
双侧开颅去骨瓣减压术,176
第四脑室占位显微切除术,255
经导管室间隔缺损封堵术,2891
心脏电生理检查,3010
下颌骨骨折闭合复位术。,6724
左侧人工全髋关节置换术（Zimmer 陶对陶）,7792
前列腺放射性粒子植入术,9054
双侧肾上腺肿瘤切除术,882
经支撑喉镜左声带肿物切除术,2390
双叶甲状腺全切除术,833
左小指断指再植术,8144
中心静脉穿刺置管术,3347
左侧发育性髋关节脱位术后内固定取出术,7238
左侧三叉神经射频消融术,619
导航下右额叶占位切除术,257
右侧大脑镰脑膜病损切除术,239
右下胸壁肿块切除术,2745
右下肺楔形切除术,2574
右股骨髁上截肢术,8135
(其他微创)三尖瓣成形术((35.1402)),2840
股骨螺钉内固定术,7181
左人工全髋关节置换术（施乐辉黑晶）,7792
外阴病灶切除术,6468
左侧肾上腺肿瘤切除术,882
脑脓肿穿刺引流术,143
支撑喉镜下CO2激光左声带新生物切除术,2391
胸壁清创缝合术(34.7101),2763
髋关节内固定物取出术,7238
腹腔镜肾上腺肿瘤切除术（左）,884
前列腺癌近距离放射治疗（前列腺癌粒子植入术）,9054
喉镜下会厌囊肿切除术,2388
胸腔镜下胸交感神经切除术,782
人工耳蜗植入术,1812
经显微镜右侧基底节区脑内血肿清除术,218
腹主动脉瘤覆膜支架腔内隔绝术,3539
肾癌根治切除术,5256
左侧甲状腺大部切除术,824
扁桃体病损切除术,2329
双侧甲状腺叶大部切除术。,821
舌系带矫治术,2112
头静脉-桡动脉内瘘吻合术,3426
支撑喉镜下会厌囊肿摘除术,2388
右甲状腺腺叶、左甲状腺部分切除术,818
左侧三叉神经半月神经节球囊压迫术,612
经皮肾镜取石术（右侧）,5204
经胸房间隔缺损封堵术,2885
支撑喉镜下左声带息肉切除术。,2390
左甲状腺切除，右甲状腺部分切除术,818
经鼻蝶窦垂体腺瘤切除术,915
右锁骨下静脉输液港置入术,8341
CT引导下半月神经节温控射频热凝术,620
腰椎骨折后路微创椎体成形术,7807
胸壁结节切除术,2745
左侧脑室Ommaya囊置入外引流术,347
左锁骨内固定物取出术,7200
VATS肺大泡切除术,2553
左甲状旁腺腺瘤切除术,852
经鼻蝶垂体瘤切除术,915
前交通动脉瘤微弹簧圈栓塞术,3551
左侧锁骨骨折锁骨钩钢板内固定术,7169
阴茎延长术(阴茎畸形整复术),5902
经骶管神经根松解术,646
宫腔镜检查+诊刮,6265
前交叉韧带重建术,7779
VATS全胸腺切除术,941
右乙状窦后入路三叉神经微血管减压术,648
经尿道膀胱病损电切术(膀胱肿瘤),5453
侧脑室外引流术,360
左肾部分切除术,5247
右肾盂切开取石术,5213
支撑喉镜下声带肿物切除术（右）,2390
(腹腔镜)腹腔镜下直肠MILES术,4428
右侧经尿道输尿管镜下J管置入术,5662
右翼点入路后交通动脉瘤夹闭术,3505
左额颞开颅翼点入路鞍结节脑膜瘤显微切除术,239
右声带肿物切除术,2386
耳廓肿物切除术,1661
神经内镜经鼻蝶入路垂体腺瘤切除术,915
支撑喉镜下声带息肉切除术,2390
内镜逆行胰胆管造影术（ERCP）,4673
支撑喉镜下右侧声带囊肿摘除术,2390
经尿道膀胱活检术,5447
髌骨骨折切开复位张力带钢丝内固定术,7390
右乳区段切除+术中冰冻,8247
舌系带过短矫正术,2112
左额颅骨钻孔减压术(硬膜下血肿外引流),200
髋关节造影,8686
剖右胸右肺下叶楔形切除术,2574
腹腔镜肝囊肿开窗引流术,4582
右甲状腺叶切除 左甲状腺部分切除术,818
左侧前哨淋巴结活检术,3644
经尿道前列腺等离子电切术,5699
心包穿刺置管术。,2987
鼻咽活检术,2340
肾动脉支架术,3622
股骨外固定架去除术,7221
cVATS单操作孔左上肺部分切除术,2578
经尿道输尿管镜气压弹道碎石术,5330
股骨髁上骨牵引术,9187
甲状腺全叶切除术,833
掌腱膜挛缩松解术,7893
甲状腺左叶全切除，右叶次全切除术,818
VATS下右肺下叶楔形切除术,2552
侧脑室穿刺外引流术,140
腘动脉球囊扩张成形术,3492
腰椎椎管内占位切除术,456
髌骨内固定装置去除术,7223
左股骨转子间骨折闭合复位PFNA内固定术（大博公司）,7334
右侧乙状窦后入路面神经微血管减压术,654
股骨钢板内固定术,7181
右侧硬脑膜外血肿清除术,171
左全髋置换术（Zimmer）,7792
左小指内固定物取出术,7240
左侧声带息肉切除术,2386
左甲状腺及峡部全切除术,817
经尿道前列腺电切术(电切法),5699
左DDH术后取内固定,7238
右侧慢性硬膜下血肿钻颅引流术,172
大脑开颅颅内血肿清除术,171
胸椎骨折椎体成形术,7807
输尿管插管术,5659
肋骨部分切除术,6974
经皮锁骨下动脉支架置入术,3614
腹腔镜下左肾上腺部分切除术,889
大脑开颅左额叶占位病变切除术,257
神经内镜经鼻蝶垂体腺瘤切除术,915
局麻下行“慢性硬膜下血肿钻孔引流术”,200
经皮胆道镜下取石术,4812
左侧坐骨囊肿切除术,6945
支撑喉镜下二氧化碳激光双侧声带息肉切除术,2391
支撑喉镜下左侧声带息肉切除术,2390
后纵隔肿瘤切除术。,2739
腹腔镜下肾肿瘤根治术（右侧）,5256
侧脑室病损切除术,251
胸腔镜下右侧肺大泡切除术,2553
支撑喉镜下会厌囊肿切除术。,2388
电子喉镜下声带新生物摘除术,2390
正中劈胸骨胸腺瘤切除术,937
经会阴肛门成形,4565
双侧扁桃体剥离术,2300
精索鞘膜积液切除术,5833
胸腔镜前纵隔病变切除术,2741
经额脑病损切除术,259
支撑喉镜下喉息肉摘除术,2396
右颞叶脑内血肿清除术,212
左侧经皮肾穿刺造瘘术,5200
腹腔镜右肾上腺肿瘤切除,884
右翼点入路大脑中动脉动脉瘤夹闭术,3504
支撑喉镜下左声带囊肿切除术,2390
支撑喉镜下双侧声带息肉切除术。,2390
额叶胶质瘤切除术,257
胸腔穿刺,2787
右侧尺神经减压术。,675
腹腔镜下右侧卵巢囊肿剥除术,5951
胸骨正中劈开前纵隔肿物切除术,2739
支撑喉镜下CO2激光声带病损切除术,2391
右侧腕管正中神经松解术,674
左侧输尿管镜狭窄段高压球囊扩张术,5660
右下肢腘窝囊肿切除术,8014
髂静脉支架植入术,3606
腰后路经皮椎弓根螺钉内固定术,8223
腹腔镜左肾根治术,5258
大隐静脉高位结扎+大隐静脉点式剥脱术,3261
子宫颈LEEP术,6118
舌系带过短延长术,2112
左附睾肿物切除术,5842
椎间孔镜辅助下L4/5突出间盘切除术,7605
腹腔镜下左侧肾上腺病损切除术,884
左股骨转子间骨折闭合复位PFNA内固定术（理贝尔）,7334
面神经吻合术,719
(腹腔镜)腹腔镜检查术((54.2101)),5075
子宫肌瘤剥除术,6187
截趾术,8125
胸主动脉腔内隔绝术,3558
扩大去骨瓣减压术,176
右跟骨骨牵引术,9190
双侧跟腱延长术,8069
椎间孔镜下神经根松解减压术,646
切开内固定物取出术,7196
右中肺叶切除术,2587
左肺上叶肿物切除术,2571
左侧支撑喉镜下声带息肉显微切除术,2395
颈脊神经卡压松解术,646
(腹腔镜)腹腔镜下脾切除术((41.5002)),3748
分娩流产后刮宫术,6262
嗅沟脑膜瘤切除术,239
埋藏式单腔心脏起搏器安置术,3094
肾囊肿去顶减压术,5193
永久性心脏双腔起搏器植入术,3098
左侧甲状旁腺瘤切除术,852
右腓骨上段切除术,6993
胃部分切除术,3918
右额部镰旁脑膜瘤切除术,239
后交通动脉瘤夹闭术,3505
腰椎体成形术（修补术）,7807
支撑喉镜下行右侧声带息肉切除术,2390
左甲状腺癌根治术（左甲全切+右甲次全切除术）,818
上颌骨部分切除术,6674
脊柱后路内固定取出术,7244
左大隐静脉高位截扎剥脱术,3261
颞叶切除术,246
右叶甲状腺全切+左叶甲状腺部分切除术,818
输尿管支架管置换术,5676
右尺神经前置术,710
胸腔镜下左上肺楔形切除术,2552
内镜辅助支撑喉镜下会厌囊肿切除术,2388
(左侧)全膝关节置换((81.5401))（施乐辉 Legion）,7797
右侧脑室-心房分流术,366
胸腔镜辅助左肺大疱切除术,2553
左侧脑室额角-腹腔分流术,373
经皮穿刺椎体成形术（胸12）,7807
右侧甲状腺腺叶+左侧甲状腺次全切除术,818
支撑喉镜下喉肿物活检术,2452
左前交通动脉瘤夹闭术,3508
椎旁神经阻滞术,744
复发性肩关节脱位修补术,7821
右甲状腺叶切除+左甲状腺部分切除术,818
神经内镜下第三脑室底造瘘术,345
经右股静脉行下腔静脉永久滤器置入术,3303
跟腱修复术,8076
左肾根治性切除术,5256
踝关节骨折切开复位钢板内固定术+踝关节骨折切开复位螺钉内固定术,7389
T12椎体成形术,7807
右甲状腺叶切除+左甲状腺叶部分切除术。,818
右甲状腺叶及峡部切除术。,817
腹腔镜辅助阴式子宫切除术,6234
右肱骨病灶活检术,6887
右睾丸高位切除术,5796
外耳病损根治性切除术,1669
左侧颈动脉内膜切除术，颈动脉补片成形术,3163
侧脑室Ommaya囊植入术,347
胸腔镜下交感神经切断术,764
C臂引导下右侧三叉神经半月神经节射频热凝毁损术。,620
右侧股骨钢板取出术,7220
甲状旁腺肿瘤切除术,852
三叉神经半月节射频热凝术,620
电视下经尿道膀胱肿瘤电切术,5453
CT引导下经皮肺穿刺,2686
椎管切开髓外硬膜下占位切除术,462
左侧高肩胛矫形术,7827
腹腔镜下右侧肾上腺肿物切除术,884
PICC管取出术,9639
阴茎部分切除术,5892
双腕横韧带切开、正中神经松解。,674
腹壁清创术,5099
神经内镜下经鼻蝶入路鞍区占位性病变切除术,250
右甲状腺腺叶切除+左甲状腺大部切除术,818
胸腔镜双侧交感神经干（T3）切断术,764
输尿管镜下拔管术,9592
(其他微创)c臂x线导引下椎间盘造影术,8535
支撑喉镜下喉肿物切取活检术,2452
右额脑室钻孔引流术(储液囊安置术),209
左额钻孔颅内压探头置入术,145
左输尿管镜拔管,9593
(鼻-)胃或食管造口术导管置换,9503
左甲状腺大部分切除术,824
左侧股骨骨折闭合复位髓内针内固定术（厂家大博）,7334
面神经次全程减压,653
1.选择性肝动脉造影术。,8725
右甲状腺全切+峡部切除术,817
右侧基底节区脑出血钻孔引流术,218
左侧甲状腺全切+右侧甲状腺近全切除术,818
经支撑喉镜喉良性肿物切除术,2396
支撑喉镜下会厌肿物摘除术,2388
左甲状腺全切术,815
右侧外翻式颈动脉内膜斑块切除术,3162
胸腔镜下第三胸交感神经干并第三交感神经旁路纤维切断术,764
电视喉镜下双侧声带新生物摘除术,2390
左甲状腺腺叶切除术。,815
支撑喉显微镜下右侧声带囊肿切除术,2395
鼻内镜下鼻腔探查止血术,1826
左前交叉韧带重建术,7779
右侧甲状腺全切除术+峡部切除术,817
神经内镜下经鼻蝶窦垂体腺瘤切除术,915
左侧甲状腺全切+右侧甲状腺部分切除术,818
左侧甲状腺切除术,815
永久双腔心脏起搏器植入术,3098
左踝关节植骨融合内固定术,7711
多发脑膜瘤切除术,239
腔镜下交感神经切断术,764
经皮髋骨成形术,7161
(胸腔镜左侧)胸腔镜下纵隔肿瘤切除术((34.3002)),2741
甲状腺右叶切除术。,815
微创硬膜下血肿清除术,196
经尿道膀胱结石碎石术,5419
肱骨内固定物取出术,7207
全部膝关节置换(右),7797
左髋THA术,7792
骨肿瘤切开活检术,6881
头皮扩张器置入术,8483
跟腱修补术,8076
支撑喉镜下环杓关节复位术,2485
右侧甲状腺腺瘤切除术,821
神经内窥镜下经蝶窦鞍区占位切除术,250
左甲状腺全切除术+右甲状腺部分切除术,818
VATS右肺中叶切除术,2583
右侧甲状腺全切除术+左侧甲状腺全切除术,833
经尿道膀胱肿瘤切除术（TURBT）,5453
(腹腔镜)腹腔镜下直肠MILES术((48.5009)),4428
左踝关节切开复位内固定,7389
左侧海绵窦区硬脑膜动静脉瘘介入栓塞术,3515
左踝关节骨折内固定拆除术,7230
支撑喉镜下左侧声带切除术,2406
输尿管镜下钬激光碎石术（软镜）,5329
支持喉镜下显微镜下左侧声带肿物切除术,2395
右肾癌根治切除术,5256
肾穿刺引流术,5305
右侧喉镜下声带病损切除术,2390
左甲状腺腺叶切除术+右甲状腺部分切除术,818
双侧乳头内陷矫正术,8307
右侧扁桃体肿物切除术,2329
左侧面神经松解减压术,654
左翼点入路后交通动脉瘤夹闭术,3505
锁骨内固定物取出术,7200
经皮肾穿刺活检术,5228
右侧睾丸肿瘤切除术,5794
左锁骨骨折切开复位钢板内固定,7399
双侧睾丸鞘膜翻转术,5775
胸腔镜下双侧交感神经干切断术（T3水平）,764
介入下下腔静脉滤器置入术,3303
支撑喉镜下左侧声带囊肿切除术,2390
经尿道膀胱肿瘤整块切除术（BT-ESD）,5453
指骨内固定物取出术,7240
腰1椎体成型术,7807
c臂x线导引下椎间盘造影术,8535
骨活检术((77.4001)),6881
胸腔镜双侧交感神经切断术,764
右膝表面置换术,7797
右胫骨内固定取出术,7226
经右侧鼻孔蝶窦入路垂体瘤切除术,915
经尿道TURP术,5699
惠普尔氏术[根治性胰十二指肠切除术],4915
左足截趾术,8125
大脑开颅右侧额叶占位性病变切除术,257
肝右叶占位切除术,4623
右侧髂静脉支架置入术,3606
鼻内窥镜增殖体刨削术,2320
跟腱缝合术,8076
外阴肿物切除术,6468
大脑开颅鞍结节脑膜瘤切除术,239
右侧甲状腺良性肿瘤切除术。,821
大脑开颅脑膜瘤切除术大脑开颅颅内肿瘤切除术,239
大隐静脉高位结扎＋点式剥脱术,3261
左眼穿透性角膜移植术,1186
右髂动脉支架置入术,3610
腹膜后镜左肾上腺肿瘤切除术,884
左甲状腺全切除术+峡部切除术,817
L2椎体骨折切开复位内固定术,472
右侧三叉神经MVD,648
经尿道前列腺汽化电切,5698
右股骨颈骨折闭合复位空心螺钉内固定术（史赛克公司）,7334
腰椎板切除减压术,432
右半侧泌尿系切除术,5255
尿道息肉切除术,5559
显微支撑喉镜下双侧声带息肉切除术,2395
皮肤和皮下组织活检术,8347
经皮胸12椎体后凸成型术,7808
双声带切除术,2402
右肺中上叶切除术,2587
左足三关节融合术,7713
左髌骨内固定装置取出术,7223
"经皮肾镜取石术,I期（右侧）",5204
右侧原切口入路颅骨修补术,293
经皮肾镜输尿管结石激光碎石术,5209
右侧肾上腺肿瘤切除术,882
腹腔镜下单侧肾切除术(左肾),5258
刮宫术,6257
冠状动脉支架术,2948
左额颞顶去骨瓣减压术,176
开颅额叶肿瘤切除术,257
前交通动脉瘤弹簧圈栓塞术,3551
胸12、腰1椎体成形术,7807
左锁骨下动脉支架成形术,3614
侧脑室－腹腔分流术,373
右甲状腺全切除术+左甲状腺次全切除术,818
经皮椎体成形术（山东冠龙）,7807
阴茎延长术(隐匿性阴茎矫正术),5902
双眼睑板腺囊肿刮除术,969
下胫腓联合螺钉取出术,7225
右后腹腔镜肾上腺肿瘤切除术,884
腰椎神经阻滞术,744
漏斗胸NUSS术,2770
直肠癌前切除术,4438
左侧三叉神经MVD,648
智能臂辅助经腰腹腔镜右肾部分切除术,5250
尿道会师术,5595
腹腔镜下阑尾切除术((47.0101)),4346
钛网颅骨修补术,308
经皮穿刺椎体活检术,6906
左侧胸壁鳃裂瘘切除术,2745
支撑喉镜下右声带息肉摘除术,2390
右侧侧脑室前角颅内压探头置入术,145
支撑喉镜下激光声带肿物切除术,2391
左精索囊肿切除术,5840
胸腔镜下右肺下叶切除术,2583
后腹腔镜下肾上腺病损切除术,884
颅骨缺损修补术,293
左顶枕开颅脑内血肿清除术,218
左枕入路肿瘤切除术,249
内镜辅助右侧三叉神经痛微血管减压术,649
右膝人工关节表面置换,7797
右全膝置换术（施乐辉）,7797
经右股静脉行下腔静脉临时滤器取出术,3478
右锁骨下动脉支架成形术,3614
支撑喉镜下右声带囊肿显微切除术,2395
输尿管镜下尿道狭窄扩张术,5594
右侧腹腔镜下肾输尿管全长根治性切除术,5259
导航下右颞占位切除术,261
经皮半月神经节射频热凝术（左、右）,620
皮肤和皮下组织异物切开取出术,8334
介入下下腔静脉过滤器放置,3303
腹腔镜左肾根治性切除,5258
鼻内镜下经蝶垂体瘤切除术,915
右肾MT根治术,5256
左侧额颞顶部急性硬膜下血肿清除术,192
经皮穿刺球囊扩张椎体后凸成型术,7809
双侧上颌骨部分切除术,6674
鼻窦病损切除术,1966
经蝶骨垂体瘤切除术,915
降主动脉支架植入术,3559
双侧支撑喉镜下声带囊肿显微切除术,2395
胸腔镜下右肺下叶肿物楔形切除术,2554
经右颈静脉途径锁骨下输液港置入术,8341
椎骨球囊扩张成形术,7809
TURP,5699
大脑开颅右侧后交通动脉瘤夹闭术,3505
右肩胛骨内固定取出术,7198
乳房植入物取出术,8315
右侧甲状腺切除,815
髌骨内固定物取出术,7223
输尿管成型术,5400
大隐静脉点式剥脱术+大隐静脉高位结扎((38.5903.01+38.5902.01)),3261
锁骨下动脉支架置入术,3614
显微支撑喉镜下双侧声带息肉摘除术,2395
胸腔镜辅助支气管袖式右肺上叶切除术,2588
肋骨占位切除术,6924
右侧甲状腺腺瘤切除术。,821
经颈静脉肝内门静脉-体静脉分流术[TIPS手术],3371
左跟腱断裂修复术,8076
左侧输尿管置管术,5659
降主动脉覆膜支架血管植入术,3561
经电子输尿管软镜肾结石钬激光碎石术（左侧）,5329
左侧额部脑膜瘤切除术,239
支撑喉镜下左声带囊肿显微切除术,2395
尿道肉阜切除,5559
肾造瘘术,5200
输精管结扎术,5859
甲状腺右叶切除，左叶次全切除术,818
脑室穿刺术,140
右中下肺叶切除术。,2587
左额钻孔脑室钻孔引流术,209
右手拇指腱鞘松解术,7861
cVATS右上肺部分切除术,2578
双侧乳房缩小成形术,8257
上颌骨囊肿刮治术,6665
化疗泵置入术,8339
腹腔镜右侧肾上腺腺瘤切除术（腹膜后入路）,884
右拇指多指切除术,8105
左侧经尿道输尿管镜激光碎石术(肾盂\输尿管),5329
双侧输卵管吻合术,6068
右手示指截指术,8108
腹腔镜下胆囊病损切除术,4701
腰椎内固定取出术,7244
胸腔镜下左肺上叶后段切除术,2577
支撑喉镜下声带息肉切除术（双）,2390
右侧三叉神经半月节射频热凝术,620
大隐静脉高位结扎+剥脱术,3261
左侧大脑中动脉动脉瘤开颅夹闭术,3504
大脑开颅鞍区占位性病变切除术,250
腰1椎体压缩性骨折经皮穿刺椎体成形术,7807
膀胱镜下拔DJ管术（双侧）,9601
经颈部气管肿瘤切除，端端吻合术,2462
右侧前颅窝底脑膜瘤切除术,239
腔镜下交感神经切断术(双侧胸交感神经),764
支撑喉镜下右声带肿物CO2激光切除术,2391
双眼内直肌后退术,1515
右侧脑室-腹腔分流术（蛇牌可调压分流管）,373
脑室腹腔转流术,373
右侧跟腱修补术,8076
右侧三叉神经微血管减压,648
子宫肌瘤切除术,6187
右叶甲状腺全切除术,815
显微支撑喉镜下CO2激光右侧声带切除术,2406
左眼睑肿物切除术,965
侧脑室腹腔分流术（右V-P分流术）。,373
胆道镜检查术((51.1101)),4676
右侧人工耳蜗置入术,1812
左侧甲状腺腺叶切除+右侧甲状腺次全切除术,818
T8-9椎管内占位切除术,456
右腕管切开、正中神经松解术,674
直达喉镜下右侧声带新生物摘除术,2390
"乳腺改良根治术,单侧",8268
胸腔镜右肺下叶占位切除术,2554
胸腔镜下交感神经离断术,764
双侧股骨头减压术,6804
鼻内窥镜下鼻内病损切除术,1858
后颅窝开颅脑膜瘤切除术,239
VATS左下肺叶切除楔形切除,2552
睾丸肿物切除术,5794
支撑喉镜下声带息肉切除术（右）,2390
宫腔镜检查+子宫内膜活检术,6166
DSA全脑血管造影术,8705
胸腔镜第三胸交感经干并第二三四交感神经旁路纤维切断术,764
双侧支撑喉镜下声带结节切除术,2390
ECMO植入术,3534
胸腔镜下左上肺占位楔形切除术,2554
支撑喉镜下声带息肉摘除,2390
IABP,3063
右输尿管上段切开取石,5340
经腹子宫下段剖宫产术,6565
主动脉-多支冠状动脉搭桥术(4支）,2965
(右侧)甲状腺腺叶（单侧）切除术((06.2002)),815
左侧甲状腺腺叶及峡部切除术,817
左眼一条眼外肌后徙术,1504
经皮右肾微造瘘输尿管镜下气压弹道碎石术（PCNL）II期,5207
腹腔镜下右侧肾上腺切除术,886
右股骨穿刺活检术,6894
左侧三叉神经减压术,648
左拇指再造术,8141
右额脑室钻孔引流术,209
腹膜透析管置入术,5179
纵隔切开引流术,2717
阴道前后壁修补术,6383
左侧萎缩睾丸切除术,5796
支气管袖式右肺上叶切除术,2588
VVI型永久性心脏起搏器植入术（SJM）,3094
右肾肿瘤根治术,5256
骶骨病损切除术,6948
PICC,3348
鼻内镜下鼻骨骨折复位术,1885
鼻内镜下脑脊液鼻漏修补术,326
耳前病损切除术,1659
右甲状旁腺腺瘤切除术,852
关节镜下前交叉韧带重建术,7782
支撑喉镜下左侧声带肿物切除术,2390
右面神经减压术,653
颈内动脉海绵窦瘘介入栓塞术,3557
胸腔镜下经右胸胸腺扩大切除术,942
左侧甲状腺大部分切除术,824
右侧翼点入路鞍结节脑膜瘤切除术,239
右侧天幕脑膜瘤切除术,239
左甲状腺肿物切除术,821
右侧蝶骨嵴内侧脑膜瘤切除术,239
左侧翼点入路大脑中动脉瘤夹闭术,3504
降主动脉夹层动脉瘤腔内隔绝术,3558
胸腔镜辅助下右肺大疱切除术,2553
膀胱结石碎石术,5419
断指再植术,8140
左膝关节游离体摘除术,7524
双腔永久心脏起搏器植入术,3098
腹主动脉瘤带膜支架腔内隔绝术,3539
双眼下睑内翻倒睫矫正术,1006
显微镜通道下后入路腰椎间盘摘除术,7602
颅骨成形术,293
腰椎内固定装置取出术,7244
下颌骨囊肿开窗术,6653
显微镜下支撑喉镜下左侧声带肿物切除术,2395
扁桃体切除术（双）,2300
椎体脊椎融合装置的置入,8179
左侧大脑慢性硬膜下血肿钻孔引流术,200
宫腔镜检查术+分段诊断性刮宫术,6265
皮肤和皮下组织切开探查术,8320
右膝内固定取出术,7196
右侧额颞顶部硬膜下血肿钻孔引流术,200
左右心导管及ASD封堵术,2885
皮肤病损切除术,8370
(膀胱镜)经尿道膀胱电灼术（TURBT）,5699
口腔粘膜病损切除术,2209
左面神经微血管神经减压术,654
经输尿管镜弹道碎石术(左侧),5330
支撑喉镜下双侧声带白斑摘除术,2390
腔镜下右甲状腺包块切除术。,822
腰椎间盘髓核摘除术,7604
右踝关节融合术,7711
支撑喉镜喉新生物摘除术,2396
左侧肾母细胞瘤根治术,5256
神经内镜下鞍区占位切除术,250
双侧扁桃体切除,2300
支撑喉镜下二氧化碳激光声带息肉切除术,2391
经皮肾镜钬激光碎石术,5209
骶尾部藏毛囊肿切除术,8351
右肾根治,5256
左听神经瘤切除术,517
已行手术 经腹子宫下段剖宫产术,6565
ERC,4674
左侧面神经减压术,653
右下肢动脉切开取栓术,3152
趾截断术,8125
经右股静脉行下腔静脉临时滤器置入术,3303
腰椎压缩性骨折术后内固定取出术,7244
颅骨凹陷整复术,300
颅骨钛钢片修补术。,307
左侧输尿管镜D-J管留置术,5662
腹腔镜辅助下阴式全子宫切除术,6234
左膝关节镜下半月板部分切除+缝合术,7619
经额下入路鞍区肿瘤切除术,250
神经导航下右侧脑室腹腔分流术,373
瘢痕子宫下段剖宫产,6565
左膝关节镜下后十字韧带重建术(异体肌腱),7783
多指截指术,8105
前列腺癌粒子植入术,9054
漏斗胸Nuss钢板矫形术,2770
(其他微创)导航下经皮穿刺椎体成形术,7807
(腹腔镜左侧)腹腔镜下肾上腺部分切除术((07.2903)),889
右锁骨骨折切开复位钢板内固定术+右锁骨骨折切开复位螺钉内固定术,7399
后路微创经皮椎体成形术,7807
右手拇指多指畸形切除术,8105
腹腔镜下左肾上腺囊肿切除术,884
右侧人工全髋关节置换术,7792
硬膜下血肿钻孔引流术,200
腹腔镜下子宫病损切除术（腹腔镜下子宫肌瘤剔除术）,6187
支撑喉镜下双侧声带小结显微切除术,2395
间盘镜下腰4/5、腰5/骶1间盘摘除神经通道松解术,670
室间隔缺损封堵术,2891
双侧大隐静脉高位结扎及点式剥脱术,3261
支撑喉镜下喉部肿物摘除术,2396
房间隔缺损闭式伞堵术,2885
降主动脉人工血管内支架术,3559
腹膜外剖宫产术,6569
左中指断指再植术,8144
右腘动脉切开取栓术,3154
鼻内镜辅助支撑喉镜下双侧声带肿物切除术,2390
甲状腺左侧腺叶＋峡部切除术,817
支撑喉镜下CO2激光声带白斑切除术,2391
左乙状窦后入路面神经血管减压术,654
腹腔镜右输尿管上段切开取石,5343
移植肾探查术,5189
多囊肾右肾囊肿去顶减压术,5193
矢状窦旁脑膜瘤切除术,239
右侧甲状腺叶全切除术,815
右上纵隔肿瘤切除术,2739
腰椎骨折球囊扩张成形术,7809
全膝关节置换术LINK,7797
纤维支撑喉镜激光声带息肉摘除术,2391
右面神经微血管减压术,654
经腹右肾上腺嗜铬细胞瘤切除术,882
耻骨上膀胱穿刺造瘘术,5432
支撑喉镜喉良性肿物切除术,2396
左侧甲状腺加峡部切除术,817
膀胱镜下双侧输尿管插管术,5659
腓骨内固定取出术,7228
左膝关节融合术,7726
右侧趾骨截骨术,8125
颈部甲状舌管囊肿摘除术,845
经输尿管镜异物取出术,5327
经皮肾造瘘术,5200
经尿道前列腺双极等离子体腔内剜除术,5699
经皮腰1椎体后凸成型术。,7808
左侧人工全髋关节置换术(后路小切口),7792
左额叶胶质瘤显微切除术,257
左侧颞叶占位性病变切除术,261
左侧甲状旁腺肿瘤切除术,852
前交通动脉瘤显微夹闭术。,3508
左上肺胸腔镜下肺楔形切除术,2552
输尿管镜下置管术,5659
腱鞘切开术,7967
歪鼻畸形矫正术,1897
左侧大脑中动脉瘤夹闭术,3504
经腹子宫肌瘤剥除术,6187
枕下后正中入路环枕减压术,167
支撑喉镜显微镜下双侧声带息肉切除术,2395
左大隐静脉高位结扎和剥脱术,3261
支撑喉镜下声带息肉摘除术,2390
右侧经皮心脏射频消融术,3034
右肘管尺神经松解术,675
主要手术名称胸椎椎体成形术,7807
右侧肾上腺占位切除术,882
胸腔镜辅助下右肺下叶楔形切除术,2552
(腹腔镜右侧)腹腔镜下肾囊肿去顶减压术((55.0111)),5194
胸腔镜胸腺肿物切除术,937
内镜支撑喉镜下喉肿物切除术,2396
右侧甲状腺切除伴左叶部分切除术,818
足截断术,8129
支撑喉显微镜下左侧声带息肉摘除术,2395
胸12椎体骨折术后内固定物取出术,7244
腰椎后路经椎弓根球囊扩张椎体成形术,7809
支撑喉镜下右侧声带息肉显微切除术,2395
左侧左侧甲状腺叶伴峡部切除术,817
内窥镜下经鼻蝶入路垂体腺瘤切除术,915
右胫骨上段肿瘤切除术,6939
右踝关节骨折切开复位内固定术（施乐辉公司）,7389
睾丸切开取精术,5784
左耳鼓室探查术,1752
供肾切取术,5257
支撑喉镜下声带病损显微切除术,2395
胫骨外固定术,7091
胸腔镜下右肺下叶结节楔形切除术,2554
CT引导原发性肝癌射频消融术,4606
支撑喉镜显微镜下声带息肉切除术,2395
腹腔镜下肾上腺肿瘤切除术（左）,884
右甲状腺腺瘤切除术,821
经尿道膀胱镜下膀胱结石钬激光碎石术,5425
腰椎后路微创通道显微镜下神经根松解术,646
腹腔镜下袖状胃切除术,3915
膀胱阴道瘘修补术,5494
降主动脉腔内修复术,3558
右侧尺神经前移术,710
左侧正中神经松解术,674
经额钻孔慢性硬膜下血肿冲洗引流术,200
支撑喉镜下喉良性肿瘤切除术,2396
左甲状腺腺叶切除+峡部切除术,817
椎管内置管止痛术,500
阴道壁肿物切除术,6369
支撑喉镜下双侧声带新生物切除术,2390
左额叶病变切除术,257
乳房部分切除术,8250
左侧声带肿物切除术,2386
右肱骨内固定装置取出术,7207
右侧颞叶肿瘤显微切除术。,261
主动脉-二支冠状动脉搭桥术,2963
胸腔穿刺抽液术,2788
后颅窝开颅四脑室占位切除术,255
双足内固定物取出术,7196
永久人工心脏起搏器（DDD）植入术,3098
右侧甲状腺腺叶+左侧甲状腺部分切除术,818
腹部皮瓣断蒂术,8426
侧脑室Ommaya囊置入外引流术,347
鼻内窥镜下咽囊囊肿摘除术,2360
二期经皮肾镜碎石术,5207
胸椎内固定拆除术（T12）,7244
甲状旁腺切除术+甲状旁腺自体移植术,847
胸腔镜下胸膜活检,2723
头静脉-桡动脉内瘘吻合术（二次手术）,3426
支撑喉镜下会厌病损切除术,2388
右侧股骨骨折术后弹性钢针取出术,7220
左甲状腺腺叶+峡部切除术,817
肾囊肿去顶术,5193
右侧胸壁病损切除术,2745
右眼球摘除术,1555
Mathieu尿道成形术,5586
大脑开颅左侧额叶占位切除术,257
颈部甲状舌管囊肿切除术,845
肿瘤介入: 经皮穿刺腹腔神经节阻滞术,749
右侧乙状窦后入路开颅面神经减压术,653
前交通动脉动脉瘤支架辅助介入栓塞术,3546
右侧额颞顶部硬膜下血肿外引流术,192
椎管内置管镇痛术,500
腹腔镜右肾上腺瘤切除术,884
左外耳道胆脂瘤清除术,1661
halo-vest架外固定术,9181
左声带息肉切除术,2386
超声引导下移植肾穿刺活检术,5228
右侧脑室额角-腹腔分流术,373
左侧乙状窦后入路面神经微血管减压术,654
：经右股静脉行下腔静脉临时滤器取出术,3478
经鼻蝶窦入路垂体瘤切除术,915
左肾根治术,5256
三叉神经微创射频温控热凝术,620
右甲状腺腺叶切除术。,815
[右心导管检查],3003
支撑喉镜显微镜下右侧声带肿物切除术,2395
锁骨下静脉穿刺中心静脉置管,3350
支撑喉镜下声带肿物激光切除术,2391
左大腿髁上截肢术。,8136
B超磁共振融合引导下经会阴前列腺穿刺活检术,5686
右侧脑室－腹腔分流术,373
腔镜下交感神经切断术(双侧胸交感神经切断术),764
宫腔镜下宫内节育器取出术,9610
右肩关节脱位切开复位术,7462
Miles'术,4427
尺骨鹰嘴切开复位内固定术,7378
支撑喉镜下喉息肉切除术,2396
单侧腹股沟斜疝无张力修补术,4963
左后纵隔占位切除术,2739
支撑喉镜会厌囊肿摘除术,2388
左尺骨鹰嘴骨折切开复位内固定,7378
左乳中央象限切除术,8248
VATS右后纵隔肿物切除术,2741
经额下入路嗅沟脑膜瘤切除术,239
肾镜下左侧双J管取出术,9595
支撑喉镜下双侧声带肿物活检术,2453
内窥镜下三脑室造口（瘘）术,345
右侧甲状腺结节切除术,821
右甲状腺腺叶切除、左甲状腺部分切除术,818
左侧上颌骨囊肿刮治术,6665
双侧尺神经松解术,675
骶骨部分切除术,7002
神经内镜下经鼻蝶入路鞍区占位切除术,250
右侧副乳切除术,8252
右侧残余甲状腺切除术,834
右股骨粗隆间骨折人工股骨头置换术,7794
腹腔镜下肾根治性切除术(后腹腔镜下右肾根治性切除术),5258
腹腔镜胆囊切除术,4698
大脑开颅左额叶胶质瘤切除术,257
左额骨骨瘤切除术,290
后正中入路寰枕减压术,167
甲状腺腺瘤切除术,821
3D腹腔镜Dixon术,4439
支撑喉镜下右侧声带新生物摘除术,2390
经皮T12椎体球囊扩张后凸成形术,7809
CT引导下右侧半月神经节射频热凝术,620
电视下经尿道前列腺激光切除术,5696
VATS右胸前纵隔占位切除术,2741
输尿管镜激光碎石术    手术方式及根据（若术式大于一种）：/,5329
经皮球囊扩张椎体后突成形术,7809
皮瓣断蒂术,8426
左侧甲状腺切除+右侧甲状腺次全切除术,818
(胸腔镜左侧)纵隔肿瘤切除术((34.3003)),2741
甲状腺右叶及峡部全切术,817
经皮室间隔缺损介入封堵术,2891
右侧跟腱断裂缝合术,8076
右手环指腱鞘松解术,7861
胸腔镜下双侧胸交感神经切断术,764
右乳癌保乳术,8269
胸腔镜经左胸左肺上叶部分切除术,2578
左股骨颈骨折闭合复位空心钉内固定,7334
神经导航下右侧颞叶病变显微切除术。,261
拔除输尿管支架管,9592
左全髋关节置换,7792
I型鼓室成形术,1723
膀胱全切术,5477
支撑喉镜下CO2激光声带息肉摘除术,2391
环枕畸形减压术,167
右膝外侧半月板部分切除术,7616
鼻内镜下腺样体切除术,2320
(腹腔镜左侧)腹腔镜下肾上腺病损切除,884
左甲状腺叶+峡部切除术,817
右侧经皮冠状动脉药物洗脱支架置入术,2957
肝右叶部分切除术,4594
右跟骨牵引术,9190
左侧甲状腺腺叶+峡部切除术,817
肾动脉超选择栓塞术,3578
右侧甲状腺切除+左侧甲状腺次全切除术,818
支撑喉镜下行左声带肿物切除术,2390
胸腰椎内固定拆除术,7244
原位肝移植术（经典原位式）,4639
双侧支撑喉镜下声带病损激光烧灼术,2391
左甲状腺腺叶切除+右甲状腺大部切除术,818
肝穿刺活检术,4586
右跟腱断裂修补术,8076
显微镜支撑喉镜下双侧声带息肉切除术,2395
经腰右肾部分切除术,5247
左拇指腱鞘巨细胞瘤切除术,7882
腹腔镜下肾-输尿管切除术,5259
电子喉镜下声带息肉摘除术,2390
输尿管开口囊肿电切除术,5359
左侧额叶肿瘤切除术,257
左上肢动脉取栓术,3134
局麻监护下L1椎体成形术,7807
右侧支撑喉镜下声带病损激光烧灼术,2391
支撑喉镜下双声带肿物摘除术,2390
临时性下腔静脉滤器取出术,3478
移植肾周血肿清除术,5620
支撑喉镜下声带囊肿切除术,2390
肱骨活检术,6887
左颈淋巴管结扎术,3705
胫骨病损切除术,6939
左甲状腺叶切除+右甲状腺叶部分切除术。,818
右侧髂动脉支架植入术,3610
(输尿管（或尿道）镜左侧)输尿管双“J”管取出术((97.6201)),9596
胸主动脉夹层动脉瘤腔内修复术,3558
颅内镜下第三脑室造瘘术,345
左半肝切除术,4629
VATS右肺上叶肺大泡切除术,2553
后腹腔镜右肾上腺肿瘤切除术,884
腰1椎体骨折球囊扩张成形术,7809
左大隐静脉高位结扎加剥脱术,3261
异体肾移植术((55.6901)),5270
右侧胸锁乳突肌离断术,8002
支撑喉镜声带白斑切除术,2390
左膝关节手法松解术,7579
下颌骨颏部骨折切开复位内固定术,6728
左、右心导管检查术,3005
脾脏切除术,3747
颅骨凹陷性骨折整复术,300
支撑喉镜下双声带小结显微切除术,2395
腭裂整复术（兰氏法+腭帆提肌重建术）,2253
双侧正中神经松解术。,674
支撑喉镜下右侧喉新生物切除术,2396
右膝关节异物取出术,7525
左侧颅骨骨瓣修补术,301
胸腔镜左肺上叶占位切除术,2554
经左胸胸腔镜下前纵隔肿物切除术,2741
右侧蝶骨嵴脑膜瘤切除术,239
腹腔镜肝癌切除术,4624
肾穿刺术,5307
左侧支撑喉镜下声带病损切除术,2390
经尿道膀胱肿瘤绿激光汽化+剜除术（PVBt）,5455
左侧甲状腺全切除术＋右侧甲状腺次全切除术,818
经导管心脏射频消融术,3034
双眼外直肌后徙术,1515
左乳导管剥离+区段切除+术中冰冻,8247
左肾结石体外冲击波碎石术,9692
右侧颅骨钛钢片修补术。,307
支撑喉镜下声带肿物切除术,2390
超声引导下经会阴穿刺前列腺冷冻消融术,5714
左肩峰成形术,7824
右眼上睑肿物切除术,965
右侧甲状腺叶伴峡部切除术,817
腰椎后路经皮穿刺椎体成形术,7807
膀胱碎石取石术,5419
前上纵隔肿物切除术,2739
漏斗胸矫正术(胸腔镜下),2771
颅内血肿硬通道穿刺引流术,143
导航下神经内镜经右单鼻腔-蝶窦入路垂体瘤切除术,915
右侧肾上腺肿物切除术,882
经鼻-蝶入路垂体腺瘤切除术,915
左膝关节清创缝合术,7523
髂静脉支架置入术,3606
基底动脉动脉瘤介入栓塞术,3544
气管切开口缝合术,2490
右桡骨远端骨折切开复位内固定术（华森）,7377
A8B8C8D8阻生齿拔除术。,1999
经尿道前列腺切除术[TURP手术](经尿道前列腺电切术),5699
胸腔镜下胸腺全部切除术,941
左侧胫骨髓内钉内固定术,7185
阴道壁囊肿剥除术,6369
经鼻中隔蝶窦鞍区占位性病变切除术,250
肾造瘘术(单),5200
支撑喉镜下声带肿物切除术（双）,2390
胸腔镜下前纵隔占位切除术,2741
小脑蚓部肿瘤切除术,272
脑室-腹腔分流术((02.3401)),373
胸腔镜下肺部分切除术,2565
(输尿管（或尿道）镜)输尿管镜下取异物术((56.0004)),5327
右眼硅油取出术,1471
侧脑室-腹腔分流管调整术,390
颅骨钛板修补术((02.0504)),307
腹腔镜左侧肾上腺肿瘤切除术（腹膜后入路）,884
1.子宫下段剖宫产术,6565
阔韧带肌瘤剥除术,6270
VATS右前纵隔占位切除术,2741
右侧胸腔镜下胸腺切除术,935
大隐静脉点式剥脱术,3263
左股骨内固定装置取出术,7220
经皮二尖瓣球囊扩张术,2943
支撑喉镜下CO2激光左侧声带新生物切除术,2391
支撑喉镜下双声带息肉显微切除术,2395
白内障超声乳化抽吸术,1377
尿道下裂矫治术,5578
右甲状腺腺叶加峡部切除术,817
左三叉神经Ⅱ、Ⅲ支射频热凝术,612
宫颈活检术,6108
腹腔镜下右半结肠切除术,1610
左全髋关节置换术（捷迈公司）,7792
大脑开颅右颞叶胶质瘤切除术,261
左甲状腺腺叶及峡部切除术,817
复杂的子宫肌瘤剔除术,6187
胸腔镜左下肺叶楔形切除术,2552
胸椎后路椎板切除扩大减压术,432
胸腔镜下左肺结节楔形切除术,2554
肾动脉栓塞术,3578
左股骨粗隆间骨折切开复位内固定术,7385
膀胱镜移植肾DJ管拔除术,9601
为肾透析半永久静脉插管术,3354
支撑喉镜下CO2激光声带新生物切除术,2391
右乳癌 保乳手术,8269
支撑喉镜下会厌囊肿切除术,2388
右胸锁关节脱位切开复位内固定术,7480
双正中神经松解术,674
经尿道前列腺钬激光剜除术,5696
肾动脉内支架置入术,3622
L4/5神经根封闭术,501
甲状腺右叶切除术甲状腺左叶部分切除术,818
甲状舌管瘘切除术,846
右肾窦内肾盂切开取石术,5213
B超引导下右肾穿刺造瘘术,5200
降主动脉瘤腔内修复术,3558
经支撑喉镜声带息肉摘除术,2390
右侧甲状腺全切+左侧甲状腺大部切除术,818
骶骨肿瘤切开活检术,6906
(腹腔镜)腹腔镜下胃肿瘤切除术,3897
右后交通动脉瘤夹闭术,3505
右叶甲状腺结节切除术,821
显微镜下经蝶入路垂体瘤切除术,915
胸壁肿块切除术,2745
腹腔镜下子宫肌瘤剥除术,6187
左侧甲状腺全切，右侧甲状腺次全切除术,818
DSA下左T3-5肋间神经阻滞术,748
下腔静脉球囊扩张成形术,3495
腹腔镜胃间质瘤切除术,3897
腹主动脉覆膜支架腔内隔绝术,3539
有创心内电生理检查,3010
左侧面神经微血管减压术。,654
左肾部分切除,5247
降主动脉支架置入术,3559
开放性右肾部分切除术,5247
右肩胛骨骨软骨瘤切除术,6922
右足截肢术,8129
侧脑室储液囊植入术,347
股骨骨折闭合复位髓内针内固定术,7334
左侧三叉神经半月节射频热凝术,620
右侧后腹腔镜肾上腺肿物切除术,884
双侧睾丸切除术((62.4101)),5802
双股骨远端、双胫骨近、远端骨骺固定术,7102
右肾上腺囊肿切除术,882
左侧甲状旁腺肿物切除术,852
双眼玻璃体腔药物注射术,1486
脊髓脊膜膨出切除修补术。,466
DSA下右T3-5肋间神经阻滞术,748
子宫下段剖宫产术产科剖宫产,6565
肾动脉球囊扩张术,3485
DSA引导下全脑血管造影术,8705
第四脑室占位切除术,255
左上肺叶切除,2587
左侧蝶骨嵴脑膜瘤切除术,239
左额脑膜切开引流术,199
右手第五掌骨内固定取出术,7217
颅骨病灶切除术,290
原位肝移植,4639
甲状腺右叶全切左叶部分切除术,818
显微支撑喉镜下声带病损切除术,2395
支撑喉镜下CO2激光会厌肿物切除术,2389
唇裂术后继发畸形矫正术,2238
(胸腔镜右侧上部)肺楔形切除术((32.2905)),2552
左额底脑膜瘤显微切除术,239
开放右肾肿瘤根治术,5256
支撑咽镜下会厌囊肿切除术,2388
足趾截断术,8125
膀胱镜下拔DJ管术,9601
右手第5掌骨骨折切开复位内固定术,7381
右半月神经节射频毁损术,612
直肠阴道瘘修补术,6410
左甲全切除术+右甲次全切除术,818
腰椎PKP术,7808
经颅内镜经蝶垂体瘤切除术,915
主动脉-冠状动脉搭桥术,2961
前哨淋巴结活检术,3644
结肠息肉电凝术,4108
右眼泪囊摘除术,1089
荧光显微镜下左侧大脑中动脉动脉瘤显微夹闭术。,3504
导航下右额占位切除术,257
VATS左肺上叶舌段切除术,2577
脑室－腹腔分流术,373
左开胸纵隔肿瘤切除术,2739
左眼角膜拆线术,9544
腰1椎体骨折术后内固定物取出术,7244
经尿道前列腺绿激光汽化术,5696
VATS辅助下右下肺叶楔形切除术,2552
胸腔镜左上肺叶楔形切除术,2552
左甲状腺腺叶＋峡部切除术,817
颅骨缺损修补,293
肿瘤介入:经皮穿刺肺肿瘤射频消融术,2561
腰4.5椎间盘髓核摘除术,7604
右第五掌骨骨折切开复位内固定,7381
支撑喉显微镜下右侧声带息肉摘除术,2395
PICC置管术,3348
VATS左后纵隔肿瘤切除术,2741
左下肢动脉切开取栓术,3152
左输尿管狭窄扩张术,5660
经鼻蝶鞍区占位切除术,250
Encor下右乳包块切除术。,8247
关节镜下左膝内固定物取出术,7196
右锁骨骨折切开复位植骨内固定,7399
支撑喉镜下左侧声带新生物摘除术,2390
支撑喉镜下CO2激光左侧声带肿物切除术,2391
脑干病损切除术,268
腰椎间孔镜下神经根松解术,646
胸腔镜下右上肺结节楔形切除术,2554
左侧腹腔镜下肾上腺部分切除术,889
脊柱后路生长棒植入术,8221
后入路腰椎间盘切除术,7602
右股骨病灶活检术,6894
左侧肩胛上神经脉冲射频术,612
左甲状旁腺切除术,851
右侧长期股静脉置管术,3351
痔上粘膜环切术（PPH),4536
颅骨成型术,293
腹主动脉瘤腹腔支架腔内隔绝术,3539
肾动脉支架置入术,3622
经脐单孔腹腔镜左肾囊肿去顶减压术,5194
左股骨粗隆间骨折术后内固定物取出术,7220
鼻前庭囊肿切除术,1857
腰椎髓核切除术,7604
面神经微血管减压术,654
DSA引导下左侧T3-5脊髓和神经根粘连松解术（手术代码;03.6002),480
右全膝置换术 施乐辉G2,7797
腰椎间孔镜下神经根松解减压术,646
为肾透析动静脉内瘘成形术,3426
手助腹腔镜左肾摘除术,5258
通道系统辅助下经椎间孔入路腰椎间盘切除术,7602
腹膜透析管拔除术,9627
经会阴前列腺穿刺术,5686
左髂骨肿瘤活检术,6903
(其他微创)神经导航下脑肿瘤切除术,249
右侧甲状腺腺叶加峡部切除术,817
胸腔镜辅助下右侧肺大疱切除术,2553
右侧颞叶占位性病变切除术,261
腹腔镜左侧肾上腺肿物切除术,884
直肠前切除术,4438
小脑蚓部占位切除术,272
"右上肢动静脉造瘘术,为肾透析",3426
皮肤肿物切除术,8370
左侧甲状腺叶切除术。,815
心脏永久双腔起搏器植入术,3098
尿道扩张术,5594
面骨骨折坚固内固定物取出术,6752
1腹腔镜下精索静脉高位结扎术（左）2腹腔镜下精索静脉高位结扎术（右）,5834
膀胱肿物电切术,5462
左顶叶占位切除术,256
神经导航下右颞叶病变显微切除术。,261
右甲状腺全切除术+左甲状腺部分切除术,818
(胸腔镜右侧)胸腔镜下胸膜活检术((34.2101)),2723
甲状腺右叶大部切除术,824
右胸壁血管瘤切除术,2745
腹式子宫肌瘤剔除术,6187
左侧甲状腺腺瘤切除术,821
DSA引导下双侧L3-5脊髓和神经根粘连松解术,482
胃穿孔修补术,4017
左足内固定装置取出术,7196
直肠经腹会阴联合切除术,4427
经尿道等离子前列腺电汽化术,5698
股骨髁上牵引术,9187
漏斗胸Nuss术,2770
大脑开颅左颞叶胶质瘤切除术,261
后腹腔镜右侧肾上腺腺瘤切除术,884
胸交感神经切除术,782
跖骨内固定物取出术,7235
桡骨骨折切开复位术,7352
经会阴前列腺穿刺活检术,5686
右耳廓瘢痕疙瘩切除术,1661
右侧腹股沟疝无张力修补术,4965
甲状舌管囊肿切除,845
左桡骨小头切除术,6981
左耳前瘘管切除术,1658
左跟腱陈旧性断裂修补术,8076
右侧乙状窦后入路三叉神经微血管减压术,648
尿道下裂Ⅱ期修补术。,5578
左侧胸壁肿块切除术,2745
颅内血肿微创穿刺清除术,143
颅骨病损切除术,290
左甲状腺全切除+右甲状腺次全切除术,818
右甲状腺腺瘤切除术。,821
腰5神经根阻滞术,501
右颞开颅硬膜外血肿清除术,171
左髋切开复位+Salter骨盆截骨术,7470
腹主动脉瘤切除人工血管置换术,3221
显微支撑喉镜声带息肉切除术,2395
左输尿管镜气动碎石术,5326
右侧输卵管切除术,6043
颈部囊性肿物切除术,8016
左侧单侧甲状腺切除伴甲状腺峡部切除术,817
右耳后扩张器置入术。,8484
(血管导管)脾动脉栓塞术,3581
左颞顶慢性硬膜下血肿钻孔引流术,200
